"lon","lat","elev","p01","p07"
-125,51.6,760,69.9132360735584,26.956908345073
-123.28,52.08,800,21.8740810547202,38.40948694328
-113.53,54.82,626,26.6190809712952,94.8250665555323
-98.63,54.92,233,16.9857199334451,76.4964453311464
-122.05,52.18,940,38.4399999999997,51.3600000000002
-122.25,51.63,1027,32.0398086710119,33.0169663295595
-123.03,51.72,1128,30.2670669325051,39.6733099380424
-122.65,51.85,488,20.4166822057088,42.4692679884532
-122.48,52.98,488,54.6278253189258,55.7622512455394
-127.37,50.68,22,231.592307692308,52.5446153846156
-127.65,50.53,8,329.049999999997,47.976965910553
-126.93,50.58,63,202.100000000002,50.9799999999995
-121.77,49.25,15,232.070000000002,54.9149999999999
-119.2,50.23,482,41.7449999999995,33.0524999999999
-114.12,53.88,701,27.0286771783609,92.3197241231077
-110.28,54.42,541,20.9753264726145,82.4219173493474
-115.57,51.18,1397,34.2451214234555,47.4586384628984
-113.58,53.3,715,23.1269760497135,94.0653298258053
-113.85,53.28,720,25.8039482847447,96.762769271769
-108.52,54.13,480,15.3060872502166,76.9074227734029
-108.43,54.13,494,14.4062655530073,59.434581379067
-108.43,54.13,481,20.7378705414236,81.516805682921
-109.55,50.88,671,14.8049556212034,48.7750554880565
-109.85,51.33,658,12.7430319828483,52.1584485113265
-111.35,51.58,762,11.9941098829802,59.9346653605888
-109.95,52.33,667,18.9277662261182,74.9827634228031
-104,53.33,372,15.364721272139,68.406780483188
-109.52,49.2,945,19.5661087913083,39.8527380307327
-107.87,53.1,704,21.9933412686959,79.0652549438081
-105.97,49.73,724,18.7324209708323,50.1656047525
-106.6,51.12,588,16.1175191010805,46.2316085451148
-102.47,51.27,498,20.9094596445632,62.8893758862508
-101.8,51.52,457,19.0346020822071,68.3572539606375
-101.9,51.57,440,17.0269096451302,55.8200213938409
-99.95,49.92,409,18.6617693117966,66.2290131759104
-97.83,53.97,223,23.8209964610112,65.350108127088
-97.8,54,217,20.5476878404751,68.7333928140492
-98.03,54.53,219,21.2543732483303,64.943830176707
-94.65,53.85,237,22.352817527401,89.4517414154508
-64.1,53.55,440,68.339107769487,115.97857593853
-69.55,49.3,152,63.8634600133828,96.0536526785272
-67.62,49.32,30,70.5103499740395,61.203637422339
-70.53,50.63,495,43.8600025153746,126.163384099953
-68.83,50.65,406,64.4774092918542,123.598594143437
-64.48,48.77,33,89.8785775687215,104.72782189233
-64.48,48.83,30,81.7947613397227,90.5206748825969
-65.32,49.23,2,78.5951068665515,80.1176411804399
-60.15,47.2,32,78.0137511160815,46.8010326973453
-122.93,50.45,223,133.389433341029,23.3882843450364
-84.08,46.75,221,125.164261497112,73.6288564318225
-64.85,44.67,167,147.379707818596,95.8820499433098
-65.52,44.75,8,146.905112329,86.0042184535275
-63,45.22,23,120.425510841524,94.136722721184
-62.18,44.98,15,148.124193343792,109.495473997386
-61.25,45.52,66,144.88732625466,100.205190257306
-64.25,45.77,20,109.534752933308,87.7840910193993
-64.38,45.9,24,109.623721013384,84.0698726057047
-64.67,43.98,9,120.747966634717,72.1862081892616
-61.4,45.63,23,127.688079394934,85.9592472997049
-63.28,51.87,561,58.7099579580491,92.660875915313
-78.28,43.95,81,62.0490841621399,56.6690462437477
-90.52,49.03,493,40.5201975018274,100.816380066861
-89.37,49.35,457,44.2718587719964,89.7623909459892
-79.43,44.07,282,48.1869430530146,70.4015703309437
-97.2,49.07,238,23.9476429866223,79.5065528981946
-98.08,49.18,297,21.7007187825124,70.3563298920713
-98.97,50.52,270,17.2626341235023,60.2824425738128
-100.93,49.85,437,19.533431016041,65.0163957355788
-124.83,49.25,2,265.323774838965,27.884832156483
-107.98,52.07,671,16.5851149506742,58.2786434664826
-60.02,43.93,4,134.1,91.5390814843931
-63.5,44.63,51,135.060784313727,100.452941176472
-66.08,43.83,43,138.766852231531,83.2618941882438
-65.62,43.38,3,141.23092095319,72.713996864602
-65.53,45.72,21,106.289883935832,89.7561486139959
-71.83,45.37,159,73.0172896134197,105.347896598308
-72.13,45.63,123,77.3319044994608,104.863953465831
-77.4,44.15,76,66.2328184500579,55.9389087726616
-80.77,43.13,282,56.8897962957307,81.5633633981974
-79.4,43.67,112,58.920192973856,68.7412024332475
-77.98,45.5,316,50.93045669612,76.4361738383055
-77.32,45.95,130,49.6745900995952,72.1500626759319
-77.37,46.05,122,48.4563043345938,75.373551474014
-73.75,45.47,31,75.1647058823526,86.9490196078429
-74.17,45.05,49,79.1216720168485,84.8373334565348
-73.12,46.03,15,70.6498069640158,87.1155879366515
-74.2,46.32,389,79.7885550280567,102.514514909192
-76.23,45.18,125,47.6319067156708,74.5776285803853
-75.62,45.45,98,63.5748422395192,79.0264135472261
-78.58,45,320,78.7637261343205,76.2529729568897
-79.22,45.33,286,93.4343520942054,74.2075420819399
-80.05,45.35,198,114.469877879219,45.2014920583568
-81.37,44.5,186,85.2947489343668,64.8157706828277
-81.67,45.25,183,66.5862582649463,55.4117702030692
-66.53,45.87,16,104.181408897703,87.5480000000008
-66.03,46.03,23,91.6748496946918,88.1774528415388
-67.58,46.15,55,89.4336592984712,82.0122761362954
-65.87,46.18,11,116.180723042968,104.109911230573
-60,45.9,46,144.122813550804,100.053782861304
-60.75,46.1,8,135.637153485998,85.8469328185066
-66.33,47.98,37,84.6071422870676,96.2360060308765
-65.65,47.62,12,76.3466118858933,83.2084362077433
-66.93,47.97,16,82.2121791120609,84.6219984826033
-66.3,48.1,7,66.2244093524355,92.0076873125735
-65.68,48.1,23,77.5913537939472,99.3641907548795
-65.65,47.62,5,84.4935182463273,91.1619659661491
-72.75,46.57,122,78.3119583744561,99.0374728299423
-69.55,47.8,148,69.4277815489748,68.7905218515031
-70.03,47.35,30,78.8386284074024,91.9960831878678
-69.52,48.25,61,69.3052671734373,92.3505695098799
-69.03,47.43,213,70.8902810848364,99.6057895949631
-67.23,48.37,168,74.4504996514938,118.386717440128
-76.05,46.07,142,71.4818965371165,91.9730301952954
-77.78,48.07,337,58.4739582810305,97.6817327270993
-78.3,47.77,311,56.0665222043028,116.784708703803
-78.13,48.57,310,52.0819884137445,102.280753417514
-75.17,47.22,390,77.6000129774209,129.361532842758
-73.8,47.9,357,58.9664046624437,124.485591737873
-74.1,48.35,404,66.7395827375309,119.74068187616
-71,48.33,159,59.7769230769226,114.815384615386
-71.08,48.42,15,63.6222022448356,130.61494370834
-72.23,48.53,102,64.001811371017,97.109054522259
-71.25,49.9,399,56.4482615347434,136.882791764195
-71.05,50.73,506,52.3862404839634,129.687224499362
-81.57,46.38,206,52.4268008655949,71.5312747997638
-80.98,46.48,259,57.6663887346105,70.0445714799507
-82.1,47.3,407,57.5669369586959,76.6685263409669
-81.45,47.3,410,46.1315753726125,85.1257508378171
-78.73,46.37,172,56.3523977729026,105.503899559552
-82.65,46.38,312,52.9861896498966,62.4675153896779
-79.63,47.45,189,47.2514619095385,83.4385430522019
-79.22,48.78,244,45.3310602727031,92.4532415022305
-78.7,47.38,322,67.2986525385515,109.769244851207
-83.35,47.82,447,49.1954202584397,72.3182233878526
-83.43,47.83,432,45.932792322197,70.3538029762845
-84.42,48.47,373,54.6287359478379,46.636384430517
-83.43,47.83,428,50.3995581732605,72.4730366593158
-81.37,48.57,295,53.9738474867679,90.8143761166885
-82.43,48.25,329,38.787995894794,70.1339272191419
-80.67,48.75,259,47.3886559569682,88.1192107030046
-93.42,48.62,343,30.2046572749064,99.8656254226404
-91.63,48.73,391,29.1391456865741,56.3547154619251
-89.32,48.37,199,36.9186046511628,80.0813953488371
-88.52,48.82,193,40.0963768408827,76.1785736524511
-124.13,48.83,177,325.857499999996,34.6450000000001
-63.58,50.25,6,80.948661411043,91.6890061591574
-64.78,50.28,15,60.5850011716242,89.1054989734481
-66.27,50.22,55,88.5038461538462,99.9442307692316
-66.47,49.13,15,59.498717218835,83.5467527193171
-66.63,50.18,53,83.8475294008125,89.1089680527667
-61.82,50.18,7,90.5603757472795,90.2453519065637
-62.8,50.28,8,66.2513393637586,87.5063524923925
-60.67,50.22,8,49.7603005332694,86.2110799168489
-60.42,53.32,46,70.1876923076919,111.173846153846
-77.82,49.77,281,56.9371236545536,111.374866991982
-76.97,49.05,304,45.8112278413228,106.326761025478
-78.3,49.47,290,52.0424748392278,111.652788738909
-74.85,49.78,396,54.8482889995304,115.123368661593
-73.88,50.42,380,63.3764764264097,105.153705393615
-66.87,52.93,550,60.8415693083292,111.099066423524
-65.73,51.88,610,53.0156825062385,103.571713915057
-68.13,51.95,575,63.892007269545,129.440804145337
-77.7,53.63,191,32.2102726778564,70.6136090796418
-78.52,52.25,6,32.7349411209053,83.838551087837
-79,53.83,7,20.3231475662924,73.076500731902
-82.47,49.42,226,51.5750000000002,98.4886456120749
-82.43,49.4,218,47.3333765871605,91.4835432067451
-83.17,49.6,233,69.8202593147752,95.4980947772463
-82.17,50.07,183,55.5269936040184,99.1649850011419
-84.8,49.23,329,50.608497580176,70.3193805713697
-85.27,50.03,189,53.576975121275,93.5046327707702
-86.4,48.72,189,68.7205479241105,72.3942325355418
-87.1,48.8,289,51.8537516598411,60.9039984180783
-85.83,49.27,338,45.9753939399164,80.4745245996415
-86.5,49.75,317,53.8005013715523,66.2610742004758
-86.7,50.18,325,42.4247089218013,102.252352154657
-80.65,51.27,10,35.9284550688923,95.4869408810867
-81.67,52.22,15,21.6215390631264,91.6192505584462
-87.98,50.78,329,43.4795096955546,94.0633996077344
-91.9,50.12,389,34.561846789288,89.8247491412649
-87.88,52.23,256,28.8515181571069,92.2588521340652
-97.33,50.12,251,23.0076168559336,77.0123583689795
-93.8,51.07,375,25.9519501147192,83.3198788829598
-101.28,50.77,567,23.1605119356913,61.6437202411635
-99.78,51.07,280,20.7680249967799,69.2913423940645
-98.62,51.3,250,17.2444327110967,46.1375125931281
-96,50.47,249,22.3953112203422,66.17053661256
-95.68,51.03,268,24.6767547329704,68.1726216198983
-96.8,51.63,222,27.372544351397,73.2642836206994
-99.27,53.18,223,15.6483343981862,54.1383810291845
-99.28,53.15,223,14.9246886183543,73.4076142957731
-102.93,50.42,599,21.0824986856773,54.7873979322157
-102.97,49.22,572,19.2029317924824,57.0444149576114
-104.67,50.43,577,15.543137254902,62.7058823529417
-105.55,50.33,577,18.3037802267035,52.8391108414268
-105.53,51.37,556,11.8398888303522,49.2658300905019
-103.92,51.98,533,23.2011574802399,67.0257026559144
-103.27,52.08,611,21.6585475716706,57.1639562355886
-106.68,52.17,501,16.8070857784145,55.4931366620672
-101.1,53.97,271,18.3997629485755,71.935198295558
-102.3,53.97,271,15.5529892892067,73.8663218548468
-101.85,54.77,335,19.4946185686256,76.4309393837544
-102.32,52.82,358,14.4869474455399,74.8047775338029
-102.4,52.87,372,18.7048358174421,80.4612971123565
-105.68,53.22,428,16.8239999999998,71.0980000000001
-107.32,50.77,660,16.3367689220775,55.0513863345804
-111.45,52.07,791,19.2453124009951,67.1696967488635
-110.13,53.67,575,19.7528151654514,80.5855278892809
-110.72,50.02,717,19.9730857979675,41.7232732836581
-111.45,49.48,884,20.994821177199,34.4581589592771
-114.17,49.47,1286,50.9649577387509,43.304379758408
-113.4,49.72,950,21.5320852105464,41.519937828501
-112.12,49.78,808,24.5159852053703,37.0258959859371
-114.13,49.92,1194,19.2170605520787,49.9959303977119
-112.13,50.05,779,19.2619838984827,34.3149441858765
-108.25,52.77,548,18.8679741171926,66.0546316720272
-108.83,52.37,660,16.0618141129374,62.7644858502429
-114.02,51.12,1077,13.678,68.5679999999997
-114.17,50.48,1219,21.8223373846889,57.484533667271
-112.72,51.47,687,16.5959470036657,51.6417200877949
-113.2,51.78,854,21.3773161448148,67.3257240013137
-114.38,52.28,960,24.2696342072931,92.0692141539231
-113.75,52.47,847,19.3479536487881,81.3943287139805
-112.13,52.47,663,16.8892456965223,77.0633099154476
-113.52,53.57,668,22.7265099458693,92.8943957022475
-115.78,49.62,939,33.3272647309847,30.5833762337137
-117.63,49.3,494,71.8035873911415,42.2815397634637
-116.97,50.23,549,101.448009789888,50.7893550195313
-116.97,53.23,1130,32.3898651108313,110.745630993336
-118.95,51.25,351,93.1295092214179,76.6252813585861
-116.98,51.3,785,63.9845943676837,41.7025000000005
-119.3,52.13,679,90.2210582680893,85.4473700163246
-119.78,51.58,445,41.7207345037405,41.1775000000006
-119.25,52.82,797,53.0335120706579,42.690217578261
-120.45,50.7,345,27.448,27.7759999999997
-117.45,52.45,1554,28.1925416432268,59.3188982797664
-117.68,53.38,991,29.9585303077344,82.4861834580694
-119.1,53.9,1250,31.1501612233136,78.4788293302894
-120.07,49.35,517,32.7896127033477,30.845
-119.65,49.57,454,33.1249999999998,25.0925000000001
-121.58,50.23,258,66.5314409060358,13.5979289737503
-121.93,50.7,244,40.1181366990317,23.9616510668543
-123.87,49.05,30,173.009999999998,22.4724999999999
-125.03,50.08,6,169.341025641025,48.3296373404479
-126.55,49.38,7,398.507499999999,81.4194545410928
-120.98,53.73,648,91.6633242591507,80.706276210263
-124.58,53.88,701,56.2440978021883,61.6421781556836
-122.07,54.12,625,98.2295820806927,62.2056914748931
-127.68,52.35,5,476.161645443617,143.634808132946
-129.68,53.05,8,354.037300909539,124.643447858718
-114.92,52.43,988,16.2531309387319,101.485603978353
-115.3,52.25,1173,26.2367740944093,109.95941795059
-116.05,52.5,1320,25.6713489605258,105.491658766087
-115.78,54.15,783,24.4789719264907,97.5552598361428
-116.63,54.12,1003,33.2283814966631,115.950328774231
-114.68,54.13,671,22.2714995286335,91.3003079619332
-112.23,54.02,610,15.8820057853119,78.4356774023873
-113.28,54.72,518,23.07711991899,75.5050223989208
-117.75,54.42,884,45.3729019739134,111.340472500598
-119.2,54.93,762,39.0779296516345,77.7606802963991
-118.07,54.93,610,38.1573346683602,68.3147462178079
-124.25,54.45,686,49.5024999999995,47.8549999999995
-127.18,54.82,523,54.7000000000001,44.9175000000002
-125.97,53.77,861,44.2916362835898,40.1445750620704
-126.22,53.82,863,45.4650000000001,39.4975000000004
-125.47,54.45,713,57.663546070368,38.9691693839849
-126.83,54.65,683,40.3271458705352,54.3101440838022
-126.17,54.82,722,58.3283730449669,47.1908233490364
-128.58,54.47,217,163.579769292017,52.3729660456402
-128.65,53.98,6,294.04287470814,70.6751530442262
-129.37,54.3,15,258.909750328918,60.1099372713023
-112.93,40.2,1326,5.11233051283106,192.474736565359
-114.85,31.03,17,7.11172949792895,2.8912363136519
-116.6,31.9,8,49.6633031398154,0.646588054833835
-116.7,32,281,56.7889664924866,0.140880576692269
-116.1,31.6,1115,48.5508498213378,19.0211282152278
-115,29.9,552,16.2359089321421,2.55056068262017
-114.7,29.7,510,10.6316205320172,2.67612593296725
-116.3,31.3,110,44.6315508051935,0.311927652806042
-114.2,28.9,217,15.3665360866084,1.8829886551958
-116.1,32.6,1232,24.9517895597466,7.82309538841839
-115.2,32.1,6,5.71704002855942,2.46194711200054
-113.55,31.32,4,5.84634372686083,2.08402704841432
-112.9,31.9,350,15.9480618104616,29.9575153028898
-110.83,30.8,840,19.9478765368629,128.624407789436
-111.7,29.8,30,14.6518839523412,27.6775419846486
-110.18,29.72,400,19.0724865465641,80.6581591807639
-109.8,30.05,770,22.8731100401805,114.063784493363
-118.32,29.17,23,9.54787666765306,0.752215486364832
-110.97,29.07,211,15.5596504720417,71.677848885402
-109.68,29.18,366,32.4442619455221,178.801211633982
-107.8,29,1857,22.0808310674276,137.505737167104
-109.2,29.1,460,27.2176683144134,120.794066080963
-107.6,27.8,2345,47.0656934224696,177.391594946651
-106.1,28.6,1435,6.93700890080937,88.9166121258868
-105.5,28.2,1170,7.00366668445461,64.2955536899373
-100.52,28.7,250,16.8671859545452,48.9873112698427
-101.2,27.9,370,7.71389077474364,33.5801498206161
-112.5,26.3,70,16.0345139407261,4.89284290959372
-112.9,27.3,95,11.1874127418516,7.90552144651651
-112.7,26.5,138,13.4959583646597,5.06411175202333
-114.9,27.7,36,14.9897569726938,2.28612524802372
-113.1,28.1,270,20.313853115098,1.19453894057057
-113.6,28.9,4,7.46440627791404,1.22412655314265
-112.9,28.3,50,6.52625432272696,5.74515151245367
-110.9,27.92,11,16.7072974478447,41.5917519379014
-109.6,28.4,160,34.0639541596964,139.448268764807
-109.3,27.5,521,32.4889306843367,188.384468416658
-109.82,27.17,20,13.4477787537141,23.8883891886571
-109.2,28.4,1020,60.9572986750026,203.737918258701
-108.6,26.4,84,28.4795476495698,209.369007107196
-108,25.9,200,30.9263370761701,259.848311588557
-107.7,27,556,41.1074014793097,161.69501773738
-108.5,27.4,700,40.4690034260348,252.842661216163
-105.4,27.6,1300,7.59149463708944,70.17212217664
-106.4,27,1700,11.2281286871449,129.575374662912
-102.1,27,735,8.34316993339759,22.3105815579478
-101.6,27.1,495,13.420229951709,24.6304192183955
-105.78,25.35,1967,15.0787167280391,106.755226524132
-106,25.9,2200,21.376612296642,139.291506278505
-104.6,25.2,1340,7.62886054280597,88.427729188148
-103.4,25.6,1124,9.02940346491455,34.394998754209
-104.3,25.6,1600,4.25075662647359,59.4355955489336
-100.98,25.45,1790,15.5973204750819,70.7024040865101
-100.98,25.45,1789,10.497595645463,45.2115109460255
-102.2,25.5,1500,14.8714053717747,75.3697696802476
-101,25.6,1399,10.7786683044435,35.4422219050119
-100.3,25.7,560,17.40267994646,51.3354062856383
-99.2,25.8,125,18.7471092081575,44.7899713035577
-99.8,25.2,425,24.2702355974622,59.3393516310265
-100.2,25.4,445,23.4288312382195,97.1655671643653
-107.6,25.4,230,34.3470479550193,264.339760031402
-107.9,25.5,60,20.989409530925,188.927707524909
-108.1,25.5,50,16.6997253477312,181.285531747388
-98.8,25,165,32.200787680934,35.4651282621328
-78.97,26.7,2,64.6855520887929,139.916274473928
-78.37,26.62,6,57.8326063230629,131.635085248409
-76.95,26.53,7,29.5816937048301,59.5718857537786
-77.05,26.53,3,56.1069506912817,158.777177672174
-77.55,25,8,35.3351247120231,182.606007424697
-77.53,25.03,2,44.2291885782558,176.932869144047
-76.48,25.35,9,66.3525214384113,81.5422039250602
-76.68,25.47,2,41.6660240184022,124.673711310469
-81.39,25.86,2,41.7764033949889,204.366543732916
-80.64,26.65,5,57.3493641230146,195.448825326019
-81.67,30.23,9,70.5940072108228,150.497774700923
-81.42,30.4,5,63.5765316086413,126.438471449829
-81.13,32.02,17,71.631633789658,183.752511094474
-82.09,29.2,23,76.6089285714284,189.797558384588
-82.6,30.19,59,100.889285714287,173.923155645981
-84.66,30.8,58,121.788089178663,162.611255162083
-84.79,33.44,281,127.026974965472,122.25117277309
-84.14,31.54,55,125.398214285713,150.793921442999
-83.7,32.7,110,103.887692307691,119.476923076924
-81.97,33.37,45,94.8661538461538,111.729230769232
-85.04,29.74,6,101.600000000001,182.724884493109
-88.6,31.2,110,118.926924313937,169.907962532166
-86.4,32.3,64,109.389230769231,126.684615384616
-86.98,32.33,50,73.16113600889,112.144221661011
-84.02,34.55,415,163.096000000001,136.830000000002
-87.25,32.9,139,136.905147649134,113.909468526356
-89.4,29.33,0,128.138804680977,157.267052302515
-90.79,29.77,5,134.801785714284,215.286386903998
-91.14,30.54,20,129.692857142859,154.028012421974
-90.08,32.32,90,128.879325115339,116.902380996214
-91.24,31.95,24,139.157526200826,100.122646818025
-90.39,32.91,33,137.583928571429,106.197063407894
-93.3,31.2,240,115.700948907465,128.219227407441
-94.87,29.27,8,73.5983023929544,64.2608942329575
-96.41,30.17,95,75.8499999999993,54.5544977291204
-94.35,32.54,107,99.958928571428,75.5929462732733
-97.82,32.77,325,41.1178571428569,52.3810734333088
-97.4,25.9,6,32.9538461538462,42.1947609003815
-98.23,26.18,30,30.5187250638572,38.3713087110877
-99.47,27.53,153,17.0698896333087,18.4939507920696
-97.7,28.45,78,45.8727480001983,60.8309923970666
-98.7,27.3,181,27.1506549330619,30.7580760225258
-99.22,28.45,141,17.7449308432647,22.1326191740434
-98.28,29.53,231,39.2349361877561,26.6010571080157
-97.67,30.2,155,42.8325692846684,27.2496792983046
-97.9,29.9,184,46.8689083389684,47.0259035661717
-97.83,31.07,312,29.9128966582042,21.351635137498
-96.39,34.02,201,50.5804581284867,69.807274962286
-98.18,32.22,398,33.1475399939633,25.6981769947649
-100.92,29.37,312,12.5854986958818,35.6107239381762
-100.78,29.37,327,11.4083661570799,30.0583105878935
-104.27,32.33,986,9.05242778869299,41.8277331916567
-100.5,31.37,579,21.4883076923075,30.0266393579464
-100.4,31.4,573,11.1794327345045,22.7672296866908
-103.67,30.37,1366,12.388,72.5811181809468
-103.75,30.99,982,12.6973919388419,40.7552280930374
-101.52,32.22,781,12.8128136782594,39.0725701469859
-101.9,32.7,901,12.6019892380938,57.330054225912
-101.7,34.19,1028,14.9814285714285,60.7344891165214
-103.4,32.7,1158,6.94015959334937,48.6461166103146
-106.75,32.29,1184,11.1403571428571,35.7165509090262
-106.41,31.8,1195,9.3582142857144,38.4212004951462
-107.27,33.23,1471,7.05184147005452,36.2133084194584
-108.16,32.8,1873,21.8260714285714,87.7978976683119
-109.54,31.36,1232,19.69418350645,87.3163790589672
-109.69,32.82,901,17.0307142857143,41.2771513886904
-112,33.5,337,20.1780819059092,22.9215384615386
-112.37,33.55,331,19.2669874999188,13.1242124713783
-112.5,34.3,1147,40.0765054446619,55.6221936029844
-117.25,33.9,462,57.0413414996536,1.6997747406575
-117.19,34.05,402,69.3553571428567,2.42171200114133
-117,34.1,899,110.1026688279,3.53338482748997
-116.5,33.8,106,27.1656839440308,4.89753770411946
-118.58,33.02,52,33.7202031881814,0.512840796670953
-118.4,33.93,33,69.198926870315,0.69615954523649
-79.89,34.71,43,101.079057001354,134.36619371865
-77.95,35.71,34,93.8642857142852,125.273953129662
-78.32,36.11,79,93.9675044590764,121.842366131687
-77.6,36.4,25,89.6074978868523,123.179651512497
-81.12,33.95,74,106.8,140.774622305839
-81.42,34.21,217,112.348214285714,123.809543327505
-81.69,35.76,354,101.8125,106.337621859015
-82.4,36.48,474,84.6403146733614,113.801960784315
-81.1,36.9,790,63.7457211392753,108.600553881904
-87.62,34.76,163,124.761626130487,110.696215477619
-85.14,36.02,552,141.348214285714,129.606965602941
-86.53,36,163,97.1941485254206,82.5634832206723
-87.39,36.07,238,113.273214285714,111.299488570215
-89.95,35.97,80,95.9397473174106,77.6788290813764
-90.93,36.13,83,104.868208579988,67.1921377265318
-90.57,34.21,53,121.280239769275,102.616229695283
-89.99,34.3,67,119.279384135176,103.516294715289
-92.27,34.83,171,76.803452992727,69.0457308443985
-95.52,34.01,174,63.9427289123656,78.3856334319662
-94.17,36,381,52.8304147265685,64.3901200505035
-91.5,37.6,1120,46.5360115917121,91.8574061247568
-100.28,34.43,594,15.7095414781593,37.344405127506
-97.91,35.86,336,25.8125,61.2612276933734
-95.59,36.32,179,42.0610714285714,87.7524698239868
-96.35,36.67,255,33.7314285714286,92.2564446808092
-103.16,36.46,1516,7.22662329380383,65.7413381229379
-102.25,35.54,973,12.8496428571428,68.3815968346543
-106.6,35.1,1620,9.75818574127093,37.0446153846154
-105.15,35.65,2093,7.14695657241809,81.149129491262
-106.8,36,2484,42.7512747722028,86.2704912112511
-114.22,34.22,125,17.6971398998654,6.8390820875956
-114.62,34.77,279,15.0496428571429,8.42478152858758
-111.6,36.87,979,11.2854305722963,21.3988646688307
-110.7,35,1492,11.3784313725491,30.3631372549022
-117.38,34.58,869,13.8516849408409,2.17879983121476
-119,36.1,119,50.5379862352803,0.42360595660015
-119.4,35.1,205,26.1142978101969,0.0475000000000001
-115.2,36.1,664,12.7212307692308,10.571076923077
-115.03,36.25,573,8.86535593234135,8.62492572028003
-120.69,35.64,214,82.5928571428579,0.432898746575455
-120.45,34.9,82,61.0252157821028,0.471286934666577
-120.3,34.8,172,74.1427037456244,0.105
-77.3,37.3,12,91.3858138555888,124.654961858854
-78.3,37.71,69,73.9187683653361,102.289687932476
-75.43,37.93,15,72.8736688386087,99.952055800161
-78.12,38.22,159,73.3964285714282,110.177366485752
-77.72,39.12,153,75.3094622148345,100.155777965379
-77.99,39.41,164,62.7974445231153,89.6502522205894
-77.38,39.42,94,54.4007874893226,90.1032656856074
-77.03,38.33,6,71.9372248632579,71.1179715338757
-76.07,38.57,2,87.6341463414634,112.652482393208
-74.58,39.45,20,69.3846973825597,82.4262740437901
-75.2,40,9,79.7894763699085,105.832307692308
-74.97,39.97,14,86.6720835374572,119.465544239935
-81.6,38.4,310,78.8386598462248,134.247076812086
-84.5,39.1,267,77.6506116442063,99.0940222358706
-85.69,38.37,160,83.5007229187913,112.702851138503
-82.9,40,254,68.3830769230776,108.923076923076
-82.93,39.82,230,64.1155824124525,102.435516036257
-84.2,40.3,285,55.7131421472915,100.522569539624
-87.5,38.1,116,77.7215384615387,100.884615384615
-90.2,38.6,172,52.0215384615382,94.4784615384609
-94.04,38.21,244,39.4946428571428,98.1106232425455
-95.12,39.57,288,24.5277274824749,114.694856596647
-94.69,40.26,338,22.3453571428571,120.134078490048
-100,37.8,790,12.6587692307693,75.9799999999996
-99.97,38.26,692,13.8082142857144,82.8243826236502
-96.77,39.05,324,20.5160297527458,111.148341573389
-96.59,39.21,325,19.8771428571428,104.615156393267
-106.14,38.09,2346,6.74673119870829,38.1252125789739
-104.8,36.7,1951,4.49005839846691,74.9954180398792
-104.5,38.3,1428,8.12310904693248,48.7745098039219
-101.8,39.77,1025,11.1682142857144,68.9706045050386
-102.24,40.07,1078,10.7571199632533,71.6397746963715
-105.24,38.42,1626,11.1005475716172,46.0108066789135
-104.9,39.72,1645,12.8765198241525,52.5855326547993
-105.27,40.01,1673,16.7651719190495,47.2416010780698
-110.72,38.37,1314,10.0132142857142,11.2072833600783
-111.64,39.26,1751,26.5642857142858,18.5997053047265
-112.52,39.38,1452,12.749279238198,6.74296686764831
-109.55,38.59,1226,15.1057381522087,19.0523171576469
-108.75,39.17,1366,16.7860714285714,16.733623007574
-108.1,38.8,1542,9.1142327574954,16.9584997811727
-118.2,36.8,1205,30.1619324569395,3.64695747579824
-117.08,38.07,1654,8.47704013372958,12.1771373340819
-120.52,37.29,47,62.9135906070627,0.500784629726286
-119.8,38,1179,150.289420700519,4.35876829274514
-120.4,38,533,149.657525995997,1.32756829392603
-121.5,38.2,5,75.9527142678976,0.656214338202543
-114.9,39.3,1909,17.5553846153846,17.1449230769232
-113.57,37.12,845,26.8378486008215,14.5218803301294
-118.79,39.46,1209,13.1217857142859,3.93951565108452
-120.57,40.39,1265,67.1844110096527,6.58372785115987
-73.1,40.78,25,89.9714609532785,71.0538247495067
-74.69,41.39,143,81.4476520848953,100.849205571695
-71.44,41.74,16,100.1125,75.1660300814827
-73.41,42.19,223,82.119207449628,101.970739394686
-75.73,41.33,292,58.5303695557169,89.5138461538456
-78.32,40.3,450,57.9464764621043,88.7180602061457
-75.99,42.22,488,63.1982142857149,89.6922920784072
-76.42,41.76,229,53.067965183612,81.4834399787993
-76.8,42.11,257,50.5688337124055,87.181591859417
-73.69,42.76,7,59.6267857142858,91.0276686360602
-77.94,43.21,163,37.2072062085311,61.6554862995997
-88.35,41.76,195,43.0285714285711,109.509908334009
-84.47,42.27,306,35.4363282624697,83.8209859904683
-92.55,40.1,294,33.0587350383424,91.9620276739272
-89.1,42.2,223,35.5717212678467,104.460745985186
-91.12,40.78,210,34.9973029994422,93.6562055167814
-91.6,42,257,28.5417050744365,109.056865326827
-93.25,42.52,345,23.0070734163305,111.467273462488
-92.4,42.55,265,19.4781358922512,124.216982462778
-95.9,41.3,406,17.6354166666669,87.9799710568615
-96.7,40.8,362,16.3212262438639,82.5220936355435
-99.37,40.44,708,13.565357142857,90.5588734859246
-96.22,41.77,317,17.0149995471032,84.9718435381832
-95.9,41.12,314,19.357911131215,97.6448975157435
-96.4,42.4,334,16.010769230769,85.1538461538452
-96.1,42,317,16.016772742513,89.7690414751577
-104.22,42.09,1250,7.02892857142856,44.6237312571595
-100.6,42.9,792,6.69215686274509,73.2078431372556
-106.47,42.92,1622,12.6798260919063,31.270769230769
-110.95,41.27,2082,18.3492005816897,19.5082842834452
-108.7,42.8,1696,11.4046153846155,18.029230769231
-112.6,42.92,1360,26.5507692307691,14.0793846153845
-112.68,43.83,1461,14.1711154327384,9.43673350791947
-111.45,44.07,1604,56.7277281191282,22.3270634241924
-112.22,44.17,1564,17.2667636403958,14.0813931691337
-114.04,40.74,1292,8.05569395816951,6.22879091879043
-117.8,40.91,1311,22.6732142857145,5.42707858386892
-118.55,40.07,1188,12.7563127388094,4.31192784221643
-116.89,40.62,1385,20.0161057161068,7.12603779201016
-122.3,40.2,105,108.304252074365,1.62935801836441
-122.3,39.52,71,97.7403182524655,0.842857142857142
-122.3,40.51,153,192.446428571429,3.21607142857145
-124.17,40.8,13,173.466071428569,3.30779266054385
-123.79,39.51,37,196.717498032352,2.5809648535231
-122.9,42.4,399,71.4261538461546,6.62646153846153
-123.37,41.8,342,272.192344603389,6.77842837073428
-121.73,42.15,1246,42.681149666284,2.6376460422635
-123.35,42.44,282,147.342008472702,6.94134963787248
-71.5,43.2,104,69.4676923076926,86.3092307692305
-73.22,43.96,149,54.1024963869143,86.7469205268988
-73.47,44.66,50,48.4622222222223,75.6529636248856
-73.47,44.65,72,42.0533534028769,65.8240151864816
-68.7,45.66,110,78.3484748616662,100.430339646469
-68.68,45.65,124,60.6754079531412,96.6196638601879
-86.4,43.9,210,54.2060289411069,56.2070714286141
-83.75,42.97,234,41.7046153846153,79.6523076923083
-84.68,44.37,350,36.5164986283915,62.927813124353
-83.5,44.29,179,43.6473292086348,71.63201080546
-87.77,42.71,181,46.0266607719008,94.7230042285469
-89.54,44.12,328,23.0392857142859,97.7463258488465
-91.3,43.9,198,23.2551624089418,96.2193933550235
-90.74,44.41,291,22.8026232002885,100.886212397304
-93.5,44.1,1150,21.9643035702144,101.895684477784
-88.1,44.5,208,29.7092307692311,85.9646153846143
-88.45,43.8,232,26.5124999999997,92.5166670768116
-86.72,45.67,227,37.7870643364425,78.8260869565216
-96.32,44.02,520,13.2253571428572,80.6529195415448
-99.07,44.07,525,7.45964285714288,61.4991223372837
-98.41,46.16,438,16.1860714285714,70.3527832304905
-104.2,44.94,1089,7.89709617794208,43.986212643287
-102.87,46.55,805,8.95896015918012,53.3086082819054
-105.5,44.3,1389,13.3952148999027,35.225829845231
-109.1,44.5,1521,8.54980695372602,24.8120088142775
-107.97,43.97,1271,6.87372109749739,12.2999947209595
-107.97,44.02,1238,6.16785714285714,14.873740974574
-111.3,42.12,1807,19.0017857142859,17.6126811826188
-108.25,45.92,912,13.3225452532336,29.1338161704128
-108.32,46.86,957,13.05,34.2452472926133
-108.1,46,914,13.9434687790524,23.0023124163072
-116.2,43.6,871,36.269230769231,7.3906419174511
-117.34,42.94,1289,35.0050965891839,9.66496892632998
-116.94,44.09,656,39.3157031412683,5.97257858652715
-116.69,44.57,808,82.2607600786885,8.79098837907938
-119.5,44.5,720,34.6286155203917,10.2161824576247
-120.19,45.24,873,41.6773714215815,12.3152119524322
-123.22,44.12,111,193.758823529414,10.6337254901961
-124.25,43.42,2,263.149292042043,10.7381818181818
-123.1,44.6,64,148.522152942643,7.18676843420527
-123.1,45.54,55,198.375000000002,10.5365315018982
-121.15,45.62,73,67.1522788070643,1.93379009985347
-121.52,45.69,153,141.080357142857,6.02514218068798
-87.4,46.6,224,46.7941480513644,69.6819446943928
-88.62,46.05,476,28.1676414873845,100.673010211506
-86.92,46.34,265,48.8589285714285,89.6978845400469
-92.85,47.38,410,16.3988068757841,98.8883438085762
-94.12,46.67,381,22.9855513426702,100.636431012905
-95.74,48.86,319,14.9991552280806,86.1691242059774
-97.4,47.97,276,16.852140546192,65.9423041866135
-98.9,48.1,450,14.7875000000001,62.2474999999995
-100.8,46.8,506,12.5015384615385,62.3430769230767
-100.67,46.05,511,7.12119999999999,50.9583699508138
-101.35,48.42,497,16.7787223470775,48.994005404501
-104.35,47.46,605,9.37535714285715,54.1665934280709
-104.5,48.1,585,10.502582832702,45.9764807950839
-106.91,47.32,790,11.2757142857143,42.1757168810644
-107.74,48.41,685,11.5400000000001,40.6592749642935
-112,46.61,1168,13.1075,29.0375875032636
-114.1,46.9,972,28.9415384615386,22.8818461538459
-113.15,46.67,1201,22.5115117949258,18.4648904668664
-112.39,47.49,1241,12.959642857143,34.5905084919554
-109.24,48.59,714,14.1507142857145,39.3237555876821
-114.27,48.3,904,37.8660714285717,29.2182538137627
-113,48.6,1327,25.5306089671296,38.0981765250991
-120.53,46.57,325,30.209230769231,4.476
-117.02,46.39,438,31.4125000000002,15.3629752000525
-116.3,46.51,303,78.9071428571425,21.5849551565478
-116.3,48.7,538,83.8316932120892,22.6275831724844
-118.42,45.96,296,45.5464285714282,10.9387021601016
-118.29,46.11,356,52.8177777777775,14.2238469841102
-118.9,48.8,823,29.0922761670519,26.4139413324636
-119.5,48.4,375,33.11306282326,11.6903938609119
-123.89,46.16,2,276.266071428571,26.0406098153593
-112.93,40.18,1329,13.0522225389534,9.08393770122514
-123.1,48.1,32,59.1182397908237,12.7493171960845
-76.02,44,96,60.626419695855,53.065947805588
-75.12,44.57,134,55.3571428571426,89.5888310017518
-114.5,42.6,1124,28.9604388186425,6.90006205071797
-104.95,42.12,1415,5.59321428571429,40.6401552830883
-101.62,40.52,998,4.46697006211884,68.857823739464
-73.6,40.73,38,67.3357939344168,83.1887512260546
-72.53,42.2,75,70.395442644713,77.1584636635701
-70.19,42.05,6,90.6753730615423,59.9652884842232
-122.52,38.07,4,171.684199425969,0.584859299458112
-109.55,37.29,1316,18.8883815840579,18.6857890656393
-101.8,38.5,1109,9.00152915602369,62.0088523407763
-105.09,40.59,1526,10.5946428571427,41.5423069206119
-84.05,39.82,250,68.3322180319352,77.5691738871039
-116.87,36.47,-59,8.05107142857144,3.23404779757779
-106.89,34.09,1398,8.514125698295,37.0690291278419
-108,36.84,1721,22.2325000000001,24.1279805438044
-108,36.7,1757,14.6757035541823,26.4272992738389
-108.7,35.8,1957,12.8532798128098,36.3106404563785
-98.32,36.12,369,19.7235714285713,60.5447811703374
-99.77,36.3,667,12.1799747515646,37.2893911012473
-99.62,36.84,547,13.467142857143,70.8167324232254
-97.9,36.33,393,16.3754422350675,55.572188723707
-78.02,34.01,6,109.142857142857,158.974260540627
-119.95,36.33,73,32.3575131119782,0.434259528936707
-116.17,33.63,-34,9.2607363920995,1.98758072565085
-103.6,35.18,1234,6.59325026839091,76.4928082652603
-106.1,32.85,1241,9.12161087130243,30.1289918248798
-92.55,31.32,27,117.980362750861,114.603099690693
-88.45,33.65,68,113.566835827797,152.735719404176
-85.58,30.07,7,81.7987866670126,174.364342080836
-87.35,30.48,28,91.8980695064466,137.022223603817
-82.52,27.85,8,57.2461482946897,174.664834536445
-80.35,33.94,54,100.664285714286,133.920744608632
-80.5,33.6,23,91.260869287484,123.924049934502
-80.6,28.23,3,56.0840141926792,98.3404143544503
-81.85,27.9,38,62.7274014179945,214.472313889309
-64.8,32.3,19,122.685242154499,92.6921170605801
-86.3431,33.285,127.4,129.101038400109,101.884070557772
-87.55,31.6167,15.2,134.680167971298,113.410100793239
-88.1283,31.7556,14,135.584580766461,113.346573270885
-86.7828,32.3236,44.5,129.520928150237,126.139448693587
-88.0281,32.2258,25.9,135.738701003927,134.212065886925
-86.9864,31.8811,80.8,140.787842331013,124.442742190113
-113.5778,34.2281,393.2,23.3436001509545,13.2820600976689
-113.9425,36.8969,571.5,21.3598533736007,11.4484339601077
-113.4981,32.9711,158.5,14.9697229460852,7.43032681447403
-109.5394,31.345,1231.4,17.8678668577399,78.632447031809
-111.5186,32.7819,470.9,23.4588776989691,19.0393664451486
-110.9978,31.8931,883.9,18.7963880373212,81.7130997987576
-110.9125,33.0483,557.8,35.4900238750907,37.1516616111258
-114.3603,34.5031,136.9,18.0632246028091,2.99778278845605
-111.6022,36.8644,978.4,9.16784090851993,20.0025934174102
-109.6686,31.6017,1271,18.0964633611228,55.4327180388116
-110.12,36.9853,1676.7,4.88981275682276,11.3308423936244
-111.4483,36.9208,1301.5,15.9122009774837,13.2715806911021
-113.9192,32.7225,98.8,10.8921478218172,8.36757849510392
-109.09,36.9233,1612.4,17.6520240309819,20.800565914637
-114.3289,36.03,390.1,16.9321965702813,14.6100621588992
-111.0497,31.5678,995.8,28.2876230177085,99.681591426369
-111.3703,35.5247,1496,14.398379356466,28.0462178059665
-112.3014,33.595,345.9,22.7314402164251,18.9500552713614
-93.0589,34.1433,59.7,86.1479555794543,99.7932440269814
-91.7944,35.8306,174,78.2590129105778,91.1733611758758
-91.1039,36.1067,73.2,96.2854475093623,103.834984693709
-89.9044,35.9239,76.8,89.9339610188423,93.0294569749781
-92.8236,33.59,35.4,96.6103679224148,93.2214427444563
-93.3947,35.0375,114.3,79.2700951619119,78.9586348335481
-91.5317,33.8847,49.7,99.2411692287223,76.5161862684981
-92.1236,33.0597,18.3,124.746317888747,116.517305872874
-92.7147,35.9914,189,71.8020360593604,78.0919465439303
-92.9158,36.4194,253,63.4445108342954,84.5735749885094
-92.7672,35.1581,103.6,83.840660707534,82.8658854220296
-92.8267,33.9153,51.8,87.6947395466692,98.7035050848319
-120.5528,41.4931,1341.1,31.4278439284536,5.15779580969741
-119.4731,35.4047,82,32.0106998017512,0.298973248291189
-123.1392,41.1417,704.1,141.004313150802,10.4568871541533
-123.0175,38.8,100.6,198.249173361645,0.476464966904324
-119.5817,36.0975,61,38.0071055889139,0.162703948414675
-123.2444,39.8158,430.7,187.812921379387,0.924981121283695
-116.8669,36.4622,-59.1,8.23472266782337,1.70182509462673
-120.0828,39.9717,1338.1,43.2978496859219,7.24245218332494
-120.1561,36.3642,86.9,50.4375785246657,0.156468948072488
-123.7567,39.5092,37.5,184.222301269046,2.46347520917218
-118.2036,36.7981,1204,24.4682719898885,2.45686766976217
-120.0878,36.0725,154.8,35.4477873345507,0.258514989466211
-116.0767,33.5714,-54.9,11.4681202480097,2.50064129044122
-117.395,33.2097,3,50.4671249422792,0.283805884321971
-120.6831,35.1597,11.9,74.0682543190465,0.52298937584547
-121.1611,38.6944,89.9,96.9464051892583,0.281609226415187
-123.7931,40.0261,153.3,298.941188340116,0.960940576634638
-117.3881,33.9511,256,48.3723209881951,0.902863819276919
-117.3614,33.9669,300.5,55.0567940847572,0.772496747627869
-119.6844,34.4167,1.5,100.407792183119,0.412797364421419
-120.4333,40.8667,1615.4,28.63577507629,6.83388499464414
-121.5828,37.7967,18.6,61.5766168306508,0.445020309178698
-116.0369,34.1281,602,12.3860338569708,8.70080260417475
-123.2103,39.1467,193.9,173.11145019977,0.522336774891998
-104.8361,39.9436,1528.9,9.98403174586913,34.127095173614
-106.1444,37.7067,2338.7,4.10302502877264,24.4695053486132
-105.0236,40.5756,1499.6,10.3076360947237,29.8922789114584
-104.7014,38.6778,1694.7,8.00247390319354,82.5280781005521
-108.7331,39.1653,1373.1,15.1876435530868,15.4362760311029
-104.6992,40.4022,1437.1,11.3045218481685,38.7692773714004
-107.2547,40.4928,1971.1,39.3777158334698,32.0039345606996
-102.1236,38.0494,1033.3,5.8674738778711,67.9991648886655
-105.1206,39.7489,1719.1,11.8477515689223,42.5928060923242
-107.8792,38.4858,1764.5,11.8545667781401,21.3615212605772
-108.7717,40.0894,1610.9,14.1992150737984,19.5840216702138
-106.1444,38.0858,2347.3,5.11400452873524,32.6876045564495
-103.9167,37.6667,1472.2,15.6091072599045,43.1995508805329
-104.7956,37.6303,1920.2,19.3559896195628,48.9112669918909
-71.9031,41.9442,112.8,97.0373312892482,107.943421907045
-80.6711,26.6928,6.1,51.1962319784011,180.414604038092
-81.5136,27.3697,25.9,45.819385275405,159.988274741819
-81.3897,25.8489,1.5,39.4575408479142,195.331779010169
-81.5389,29.755,1.5,69.5613816603977,154.785139174131
-80.6539,28.1136,10.7,55.8216956546402,143.466643726425
-80.3836,25.7553,4.3,31.8435161415354,195.502656609384
-81.0872,26.84,10.7,41.5522043826007,164.561957787613
-81.7158,26.1686,1.5,47.7804906134506,221.991689206407
-81.0331,25.8603,2.4,43.6574782772334,192.951591999954
-85.6606,30.2492,1.5,121.620277159369,181.346751462085
-81.2917,29.8875,3.7,72.3720731818263,117.421422697314
-81.2778,28.8147,3.7,69.5274287840653,189.658863037731
-80.8242,25.7608,4.6,41.6946047623964,193.204156434714
-80.5211,25.0069,2.1,48.8361749259356,87.263456986179
-80.8158,28.6242,1.5,69.249382501888,175.001212908049
-81.7994,27.5478,18.3,46.6745096701658,191.439375812224
-83.3078,31.9381,73.2,124.389165869342,90.1248992539276
-84.1489,31.5339,54.9,130.59777585322,147.572274142396
-84.5553,31.2239,81.7,145.06576863204,92.7038833241532
-84.1858,32.6525,135.9,107.388241212847,115.399581556025
-84.7925,34.2042,240.5,82.8091208943369,94.5852391269192
-85.2717,34.9,225.6,113.732031200446,86.1031270883384
-81.85,31.65,24.4,100.974463957016,138.379158996187
-81.8333,31.65,24.4,92.3336976430011,135.792319134934
-84.6453,31.6061,83.2,127.598081677129,141.709885806639
-81.2811,31.3972,3,101.039313553324,110.805977877005
-82.7058,33.7264,189,104.282648098496,95.0567405236646
-116.3103,48.6928,632.5,62.7771259317672,16.7324457131342
-115.8017,42.8819,771.1,20.2824497331715,3.02398636352008
-116.6753,44.5733,807.7,72.19567613393,8.87468558859953
-113.8289,43.9772,1908,7.67657755263749,18.2969173081863
-116.1772,43.0175,731.5,16.1875095609147,4.30962117033991
-116.1175,45.9414,1005.8,33.3655001137742,32.0691270857558
-115.9336,46.0714,710.2,43.5532594307786,23.8817466629995
-111.3139,42.1231,1806.2,17.4259315883165,16.3154209916003
-113.5003,42.6767,1269.2,21.8929260427712,5.82041088627628
-116.315,45.4239,548.6,29.2586477653181,22.5137429291116
-113.9008,45.1875,1198.2,12.6845160443021,21.0772523162665
-116.3783,43.2436,708.7,20.4942721705258,5.88381846891234
-114.4569,42.5808,1118.6,21.6877471973083,4.8849303629104
-89.2344,37.4814,195.1,85.4424859589061,80.3322754773985
-88.9203,38.0336,135.6,66.3209495694349,77.2887834901289
-90.1942,38.5669,121.9,62.9759007921367,110.563399842502
-88.1805,38.0733,102.1,82.1451387334189,106.820629881081
-89.5031,40.9153,163.1,44.6251883353731,76.7991031898047
-90.2269,42.3161,205.7,25.44739688312,86.7244532180291
-90.1544,41.8978,180.4,34.25483492587,80.8573601186268
-90.0656,40.3031,134.1,51.9146107344542,98.0657902848951
-89.9492,37.9842,115.8,56.8470567994789,91.9541433070628
-89.4061,41.0411,140.2,46.3332920173522,87.6705206233992
-90.1619,38.0886,123.1,54.71794907815,99.2095881957656
-89.9283,38.1853,131.1,55.4698093870647,85.8418364384045
-88.9858,41.3242,140.2,41.823427651116,93.9776289714004
-86.6661,40.615,169.5,52.6114978962463,109.272024271146
-87.0881,41.6317,207.3,48.7122136532074,98.7859959665297
-90.4233,42.2614,183.8,28.5812238045338,94.8199585400995
-91.1164,40.7747,210.3,33.9101193078482,115.060133008869
-93.3189,42.0169,304.8,23.1715273428169,122.185940054188
-95.1394,43.4231,432.8,10.3175613628531,80.7556280113381
-95.1108,39.5756,288,23.0734539481329,110.342148372205
-95.8328,37.5464,265.2,31.5942048780987,91.47122821503
-98.7803,38.3758,566.9,13.9392184889201,81.6242519185605
-95.9667,38.7833,359.7,26.3320831983688,83.5974949370861
-96.2367,39.0542,313.9,18.2233267748431,110.199006692201
-98.6944,39.4286,490.7,11.6276387022747,83.6587420421925
-101.9511,37.2294,1075.9,7.23806726467694,60.8294195644214
-101.1664,38.9617,934.2,5.94869282295195,71.0889086379335
-101.8067,39.7675,1024.7,10.1267958778794,69.6546770874084
-97.7736,39.7989,463,10.2114104713754,94.8635956052486
-101.7514,38.8961,1051.6,10.4258540345263,85.8678735351081
-99.2453,39.4453,539.8,10.4684416753237,96.4907710355534
-96.5994,39.2475,322.2,11.4322635630056,99.3378056051601
-95.7247,37.8728,329.2,27.0498531543685,114.189435527937
-84.2908,37.5733,326.1,70.6596044802624,119.350370448663
-86.9061,37.8933,120.4,75.815299696184,97.3312732336308
-85.7917,38.2778,134.1,78.838750911196,85.8981320447307
-82.7667,37.55,192,82.1124175038816,115.202156392235
-83.7872,38.6869,157,81.974327334106,115.34217970365
-82.7883,37.8175,192,73.4679893280943,106.83362586913
-91.6911,30.2817,1.5,133.176617467166,117.762337681886
-93.4019,29.8894,1.8,121.742182899501,165.929932889775
-93.3183,31.9158,36,116.422114243892,99.3881433093277
-91.7108,29.9592,6.1,115.720428060208,171.344849501897
-92.2825,29.9942,4.6,124.985183937091,135.132662871952
-93.2494,30.2142,1.5,150.217360764773,155.316844763233
-89.9636,30.0306,-1.5,143.755632402647,127.185913526304
-91.8839,30.0375,7.3,105.649512761363,179.807216640506
-90.0511,29.9508,0.6,124.040842861764,165.792186080131
-90.4286,29.7892,1.5,120.788842025503,156.353387216862
-93.6381,32.4219,47.2,111.040146899936,86.0646900817379
-89.83,29.8722,1.5,102.136364184342,163.501620279421
-91.2336,31.9497,23.8,137.472158972839,106.556683791493
-90.7747,29.7547,4.6,137.531835032568,203.351681051174
-69.025,47.0886,181.7,55.6165635692898,100.923213889839
-69.5231,46.6108,304.8,56.8742790990119,111.279065277622
-68.4333,44.5333,6.1,91.831497863208,71.6729134666504
-70.8944,44.1569,149.4,82.6210544463951,99.5733765720275
-67.4539,44.72,6.1,101.780022120072,85.7189779924792
-69.8878,44.7983,79.2,67.2552288779799,78.3576423869884
-68.705,45.6503,109.7,70.8930879452669,103.69607762642
-68.1667,45.4,134.1,87.7826997089768,93.4867981999133
-69.6544,44.5272,22.3,66.0817755640202,86.295448307409
-84.4742,43.8797,208.2,39.4348244284228,57.9504341571481
-86.9242,46.3414,265.2,42.2388095766795,82.2257683721795
-85.0142,45.6414,219.8,41.3018406523126,56.4616006909277
-85.1322,45.1519,178.3,48.5164496423516,64.6626758977626
-83.845,43.6156,179.2,37.7777636736131,61.2930464869989
-83.7217,44.4633,221.9,40.5175039983341,76.4495968706504
-83.2808,44.6819,178.3,33.525164549067,89.7394782751185
-86.205,42.7989,188.1,61.1997017730165,81.7693395315452
-85.5161,44.9214,199.9,33.7914862141019,60.0917462645039
-89.2075,46.8342,240.8,72.6260207334606,77.8997341948045
-83.9561,43.4122,182.9,44.0210583510472,74.1708381785956
-84.5542,43.0114,226.5,43.5923157871755,70.2859453045113
-88.6275,46.0556,442,24.8250246515078,98.4410702791856
-85.0728,46.1989,265.5,44.4367695733112,64.4408578473796
-84.9789,46.7531,184.4,55.3987808379222,78.773387132257
-96.8278,45.5939,303.9,19.939573552173,83.9140697316731
-93.5833,44.8,219.5,21.0085929018219,102.971394159246
-90.3578,47.7517,186.5,19.7038367318168,74.0041520406086
-95.5517,44.8136,304.8,18.3991896967348,74.0405375365084
-94.3608,46.4119,370.3,16.2967568157835,93.2699442609382
-93.8992,48.6236,333.8,16.4450887609267,98.5573037692106
-92.6444,48.5011,342,16.4654399301818,84.7293731973395
-95.9572,43.9981,502.9,14.5667588637906,75.8298468943106
-93.7214,48.3681,365.8,16.7336063346978,70.6944691553298
-95.9675,47.3172,368.5,19.7376300650511,80.4321390723772
-95.9969,44.5631,369.1,13.327995210254,88.5677285621576
-95.5464,46.4314,298.7,14.2695162418192,102.188709201201
-95.0161,47.8769,371.9,25.7010373395094,84.9658666125583
-92.5283,44.5711,209.7,28.3072450851745,90.0294184555867
-92.61,44.6103,206.3,18.2772704167897,90.6867522445555
-94.6122,43.9903,335.3,17.9132950778686,104.766091865948
-95.33,48.8947,327.1,15.1268699393233,93.3690390543587
-91.6364,44.0422,198.7,30.4240175416237,104.125188590585
-88.5636,33.2597,89,123.761245258963,84.9210376480912
-89.3158,33.8586,77.7,121.431124256707,96.1095749689727
-90.2908,34.2044,47.2,116.587301584882,87.8269551864436
-90.3817,32.9028,32.6,137.435255886462,90.9170407445723
-91.5158,40.1433,149.4,35.8800097507003,106.616643618002
-93.8019,37.7947,252.1,39.078821056171,96.4981018861677
-89.7,36.1261,80.8,89.3242939738025,95.7271888633831
-93.0167,38.75,222.5,32.5972504577772,126.768278569535
-95.0722,40.2017,176.8,20.611563152399,140.452547376747
-92.6208,38.2044,180.4,48.8115082962289,90.4721954862218
-95.1464,39.9808,318.5,7.67712561113514,112.080938620324
-89.92,37.7342,153,55.4930136129472,82.1519980220459
-91.8872,39.9714,210.3,34.0677764253311,103.153963174586
-93.3989,38.2581,192.6,42.856812850597,99.2209588658791
-112.3964,47.4931,1240.5,10.0331386511769,27.5865608776461
-111.155,45.675,1455.4,14.0776292400082,32.7667463798395
-106.2314,45.8161,844.3,12.9147643433565,32.1695060191378
-111.71,47.2194,1024.1,13.3527234568383,32.2518663051672
-109.2256,48.5883,737.6,11.9974057341602,38.3649765448928
-112.1919,47.8206,1172,5.49037634082433,25.6523770795373
-108.2625,48.3992,699.2,11.4369654956791,27.18305192005
-109.5072,45.4533,1371.6,13.1314188836251,37.4561800459372
-107.4536,48.7778,792.2,3.4320204603255,38.8245005045733
-110.6608,47.8306,807.4,11.42537041763,29.9378736733013
-108.8031,47.0258,1063.8,14.7561672992708,44.5358831556368
-109.8311,46.4328,1273.5,7.80014560054014,41.2710417286442
-110.455,48.7261,899.2,6.28961042021218,25.6245035668087
-107.2278,46.2942,810.8,10.5098663149544,31.9189929370667
-110.7669,48.5617,1012.9,6.27380076181985,28.7891181305982
-114.2636,48.3042,901.3,34.057601887905,34.4119638560242
-104.7353,46.1422,856.5,11.1343086498627,39.8410126415239
-107.7286,48.3939,680,9.12074239583456,32.4307037756154
-104.9428,48.8197,641.9,7.11929918831149,51.5386300533337
-104.4478,45.5022,1010.7,8.33284552700226,40.4956597271105
-106.2453,46.8203,921.7,4.41726852434675,38.2789735200859
-108.7,47.6167,705,9.81262559473743,39.2673843446271
-104.3378,47.4536,602,8.68393581350174,52.1943779483718
-104.1467,47.7283,588.6,10.2854959809269,60.2804676519817
-114.0911,46.5136,1028.7,22.1108602982585,20.0479743609254
-105.3022,46.7939,685.2,6.8874458072602,40.2673059101262
-111.0878,48.31,868.7,7.58671565742856,23.0039701971954
-111.5378,46.3308,1170.4,6.16391335878296,32.3584507617228
-112.3261,45.5472,1409.7,5.4499877650616,29.0549282479261
-114.0836,46.3286,1096.4,18.0216362081584,20.4047953061408
-114.3594,48.4081,944.9,44.8832268533076,40.4908925501147
-107.625,48.7597,711.1,11.0508688578265,31.5647598024437
-105.6483,48.1,637,8.81023724659344,40.3425023313885
-107.4061,45.1217,1136.9,12.2399628800782,33.0816554339501
-96.3775,41.0408,326.1,18.5450004268967,88.3025994875912
-101.5386,40.0525,922,12.9026631144081,72.4701341879656
-101.9408,40.0136,998.2,9.04781858169229,70.2703654802161
-98.4583,42.8294,423.7,11.4252563055807,67.2454972475213
-99.3886,40.9283,704.1,8.07308032787442,60.7427072757905
-103.7008,41.9481,1243.6,3.02785106610467,44.2719300232497
-99.1386,40.0783,573.9,10.5632179841381,80.6766919167122
-98.9269,41.6028,624.8,12.4432733145368,64.7762901227421
-102.3464,41.4014,1033.3,5.17201122782545,69.8817267906758
-95.8828,41.0267,306.3,18.1358726134013,92.3288901791134
-95.4642,40.0536,283.5,20.7513869781293,108.464559956452
-98.6558,42.8103,466.3,7.25459288533917,63.9933829918759
-99.7467,42.8222,760.8,5.98681172035499,71.5748476767832
-115.5444,38.5208,1425.9,18.2609338629034,12.1006768247868
-118.7811,39.4572,1208.5,12.8415270739911,2.37690206877778
-118.6294,38.5167,1312.2,7.39287347643343,8.31488431907536
-115.1164,36.2347,578.5,11.6510679914034,8.56293557189729
-117.6375,37.7508,1305.5,7.91311280592752,9.84471249744144
-119.7475,40.6044,1173.5,30.8230406696474,3.63631106933786
-116.1758,38.2033,1615.4,11.5642923380992,11.5407018153111
-71.6486,42.8394,97.5,81.3868847566121,97.1255393328652
-71.9156,43.9522,189,65.3286321848784,110.937327414224
-74.2453,39.5656,1.5,79.1554105800535,95.4773800013008
-74.9697,39.9511,13.7,90.6015629672367,120.154953640423
-74.6828,39.9708,18.3,84.9612494810869,114.924521752792
-107.9603,36.6669,1769.7,14.560540467214,20.4413609550267
-106.8908,33.8044,1375.3,8.18248080356236,34.3814206560743
-104.3828,32.5158,979.3,8.77673599551506,48.5002833437618
-104.2225,32.3478,951,10.6947270907493,43.6624179922327
-104.1906,35.4072,1293.6,9.70281013088512,62.3117752844337
-106.595,35.2489,1531.9,9.68444379895486,31.0931744066471
-106.0589,35.9989,1713,9.89806832745515,40.9403029418397
-108.3247,31.9175,1374.6,14.6036408866383,77.2894909508141
-106.8831,34.0828,1397.5,10.4711420126108,37.5374057944711
-104.6128,34.4031,1478.3,12.1314946047035,34.6775773711348
-77.7175,42.5656,201.2,33.9450993462355,94.432816800724
-76.8358,42.0997,288.6,46.0667413791472,89.2232261993233
-73.8,42.25,18.3,64.8558711847598,94.5281007912605
-75.6453,43.2097,121.9,64.4425105880947,91.1036476810487
-73.57,44.5658,155.4,35.8836570984279,87.0691120547596
-73.4667,44.65,50.3,44.8330872999258,81.7219214301265
-74.05,41.85,12.2,86.8723399817085,104.346160459145
-74.2,41.95,155.4,85.3632427699541,122.855793045995
-79.1431,42.5578,177.4,69.4846262566442,85.7753079298082
-73.6833,42.4333,91.4,48.7308782661136,93.7320498938136
-78.8333,43.25,106.7,30.8420300042307,73.8485045387978
-78.05,42.5167,350.8,40.1439205302985,101.735067016991
-76.7764,35.3872,6.1,98.434764534909,134.431935317826
-81.1494,36.1631,341.4,99.9847673665886,116.851776380915
-75.9872,35.1075,1.2,102.652475167673,127.439905674383
-77.8183,35.9519,39.6,88.6219282707665,113.588896514981
-77.6805,35.8936,33.5,87.7532032005413,124.214472392915
-80.8142,35.9067,251.5,91.8752914169606,107.595142338744
-81.2275,36.1308,326.1,100.545992026877,108.400071583058
-103.4878,48.9975,617.8,6.31342001511644,60.1953097392154
-99.1294,47.4494,483.4,16.1918207923788,82.004187007771
-99.1211,47.5089,475.5,12.2286422181106,81.3404276894883
-97.7014,48.8628,271.3,8.07193303022811,78.0469208227439
-102.8333,48.9167,594.4,13.0558828212686,68.2421916861279
-98.5839,47.2408,461.8,9.72658044912714,79.0648003220335
-98.7661,46.3694,474.9,12.7994182729141,61.3802964138007
-100.6667,46.05,510.5,4.42503809985038,56.6411178229463
-97.0981,47.9217,253,16.4766315977177,73.8904401879599
-102.0975,48.6692,551.7,24.583172887409,73.8993901745288
-97.1461,46.0725,342.9,15.7577115947768,84.5985065714464
-101.8561,46.1758,755.9,6.7544402234785,50.642404886752
-101.6278,48.9992,502,5.10006581270857,63.0629868466325
-100.875,48.0797,467.9,14.154924596577,75.7835948994201
-97.9181,48.9133,286.5,16.413623523154,73.8748237473302
-84.0542,41.0325,222.5,52.8731529851077,90.8793291822051
-82.8,41.65,176.8,44.2333964771098,84.1742240073722
-83.8167,39.9667,283.5,56.0419939667048,112.318558175956
-83.4153,39.5467,301.8,61.1727380300731,91.7922681216038
-95.8833,35.9833,184.4,37.1079198868709,70.7182971904779
-98.9958,35.3008,476.7,26.6255367989334,49.957654483167
-96.3686,34,182.9,52.255579391478,67.1708877096838
-99.1128,36.7647,461.8,16.2850332489274,61.3830116953717
-101.6181,36.5914,999.1,6.43232770233146,58.4002689785563
-95.6933,35.8258,181.4,48.5678239537432,58.9867973283564
-97.9294,35.8583,320,27.1622789025872,63.8429809456513
-98.315,36.1217,370.3,22.9881696895118,63.8638657476911
-96.0028,36.365,196.6,38.4143586030824,80.1428307514159
-119.9933,42.9694,1320.4,11.2395782512143,8.39369247935701
-120.2064,45.7211,84.4,34.8100506552031,2.9895336550223
-119.6933,45.8472,85.3,29.9059168019601,4.21559424423952
-123.1028,45.5247,54.9,180.560156196623,10.4442163954879
-121.5175,45.6847,152.4,134.371893166647,6.54313351750283
-117.255,44.3564,643.1,42.3484816364228,10.5409714139033
-123.4689,43.1922,225.6,148.818948019186,7.17309916184011
-122.76,43.9144,217,151.921256868326,17.1303823781691
-118.4089,45.9428,295.7,41.5666832898983,9.29698258276393
-120.1833,44.5833,806.2,19.0387392453552,11.3408553223005
-116.9903,43.8764,662.9,29.6718832305584,5.83746950893384
-117.2467,43.65,731.5,22.0958943404429,9.05639639898819
-123.6197,43.1311,271.3,185.790008658472,4.7736110141436
-117.6569,42.8592,1037.8,17.6236286892508,6.80605992097154
-123.0472,42.2231,472.4,87.1869278949929,10.7004107328254
-121.062,43.1244,1335.6,21.9315205254653,11.5529580166691
-123.88,45.4583,3,346.510538647309,34.383921870205
-117.2439,43.9814,682.8,24.0128569108619,8.21759490067828
-117.7183,43.9903,926.6,27.6505083693928,10.4218463044443
-79.3333,40.3,323.1,90.2424023839577,126.406458032506
-76.8786,40.9475,152.4,65.5469764640152,105.014284300923
-77.9333,40.4,176.8,67.5860645667686,65.8828051262185
-78.6372,40.0328,388.6,68.0955522309787,71.1826512534705
-79.0833,39.9964,640.1,85.1792597781353,78.7422797015801
-77.1419,41.8975,374.9,46.3630354373697,89.7136641899581
-76.4431,41.7511,231.6,52.1836411907295,86.8158514314257
-78.5278,40.0417,361.2,64.1008226448849,88.353532922754
-71.35,41.5,4.6,94.3539445830238,79.9434845099686
-79.0975,33.5214,6.1,100.105739729488,146.704421283745
-80.2947,32.505,1.5,88.8630972913298,112.339173477283
-79.74,34.2933,36.6,99.7293225055011,128.513010866965
-81.3181,34.2931,78.6,101.535011199659,104.578403930261
-79.8489,32.76,1.5,101.377199640561,122.479546100349
-80.5206,33.9,76.2,98.6032478474025,119.187302267526
-103.8511,44.6714,920.5,8.88092256266438,47.0920829719091
-99.312,43.735,506,12.1640008796669,61.1968011823077
-101.9414,43.7483,743.7,10.0564679939012,56.2625712387469
-99.4603,44.0644,445,10.3059660478359,64.428101623555
-101.6192,44.5208,681.8,9.12953370288709,72.7421851516637
-98.9814,44.5178,484.6,7.34705593172277,65.3319410174101
-98.5325,43.0689,454.2,11.1475927504604,59.6100206608153
-102.3894,43.395,859.5,9.16154078020827,54.097426483549
-103.2828,44.115,1051.6,4.67583683017242,63.4654068840653
-103.2108,44.0728,1029.9,7.21915674566774,61.8401123193958
-102.4478,44.0694,714.5,5.65782602325904,44.0982824820037
-98.6819,44.4256,435.9,10.3012061614579,64.0858204856286
-96.86,45.4081,353.6,17.4159579330534,83.318569359462
-84.5833,35.4322,286.5,132.651683977609,123.929923646284
-85.945,36.2456,157,106.786709177352,123.162959036602
-87.4261,35.7553,201.2,95.4138365753119,113.163735830332
-87.2217,36.3208,119.5,84.9054535337157,100.196673173787
-84.9947,35.4717,263.7,124.684960259511,119.260601622127
-86.3728,35.9203,163.1,107.069699929782,121.796890647582
-84.0603,36.2131,338.3,120.873794630641,125.064135138455
-83.5983,35.9297,274,100.209264444053,105.979663828459
-103.7403,30.9844,981.5,12.2757200071988,40.0471355872012
-103.9583,29.4372,1261.9,9.95080254246569,60.6270072752002
-102.9622,29.1853,566.3,8.86446339033726,31.4683177427113
-101.4542,35.6364,934.8,15.1246164251259,64.9676502346814
-102.2564,35.5303,972.6,10.8127535728979,62.2228329601378
-104.6822,30.1383,876.9,10.9297917255407,58.8372579538855
-103.515,29.1344,661.1,8.12706521429443,43.4478819579926
-95.6878,29.7067,26.5,90.6348399012846,95.5988607821207
-95.9283,33.1997,167.6,53.304208796076,64.6059607298752
-105.2372,31.8769,1149.1,9.01222422325115,34.2660916448914
-100.9336,34.2675,719.3,15.2634032344134,49.5917112110324
-98.3814,32.5408,311.2,35.2857143683853,60.120050492378
-100.3369,33.6267,536.4,23.773190456365,50.4629015981024
-95.7275,29.8142,38.7,81.8308313327893,92.963845392231
-102.7,31.2667,731.5,15.5653439466391,31.7283743956556
-95.9167,32.8167,137.2,72.4281479224938,51.1084521611309
-94.1781,32.6664,77.7,94.803646346933,62.6998942806418
-98.3992,26.2422,54.9,32.5490013479458,59.5671246916402
-103.7575,29.2694,732.4,7.80481704474653,60.1820233831257
-95.8864,32.8522,136.6,73.3748046267335,80.2156091383638
-99.1442,33.7542,355.7,24.7691776046875,39.4673372346837
-101.5603,29.8097,393.2,13.2976992648907,32.8284884870398
-100.3833,33.8833,594.4,16.1050574983863,26.0389494652237
-98.4028,32.3,460.2,24.5985119017233,63.4083150968874
-99.0656,28.4478,87.8,22.0700243690077,62.8506895480403
-103.2717,30.1925,1215.8,7.85458803231296,63.2009693446847
-99.2306,30.7478,472.4,27.8300292462615,59.921297035076
-98.2511,26.1917,30.5,20.0588417837468,35.2703736084958
-102.0258,32.0186,846.1,16.1817975671096,32.4488904390853
-95.715,31.0706,71.6,72.1064598848839,57.7793419704012
-98.4,26.2167,40.5,32.58154558799,48.4836315641506
-95.8442,31.5914,86.6,76.2754114988355,59.3393340790195
-99.9264,31.5206,496.8,24.485851314472,46.1295828253849
-102.5897,31.7356,894,12.1396997637417,26.2462305877301
-93.9708,29.9044,1.5,126.578661862458,131.60808123527
-97.4264,26.5578,2.7,32.0575030419607,50.8659895062607
-96.4278,28.4342,1.5,77.1098437952313,100.982293869122
-104.3714,29.5711,795.5,9.63052101128451,40.8128355199692
-98.4942,31.9633,372.2,36.2587113622766,41.4042283000422
-95.8458,30.5381,96,83.0851852298351,46.9767707215389
-98.9486,31.27,420.6,27.9523375514266,42.5118779192996
-96.4494,32.4611,110.9,69.9619866866808,41.7153000986284
-105.0806,31.7456,1134.5,7.95894164756563,27.0742263054777
-97.9494,29.8833,202.7,50.0337176697303,59.1028088699616
-101.5492,35.7047,894.9,12.0181645180934,66.8393853093425
-101.8272,30.6886,662.9,15.799454032665,28.9036933248465
-99.8036,32.9403,499.9,26.7792743227591,41.6581368842879
-102.0753,36.3372,1125.6,11.193322310794,53.6210146478673
-103.4061,29.4744,1122.3,8.87477480107416,72.1865006692473
-95.6314,29.4822,21.3,95.4259589792754,98.1154223280477
-98.5817,28.3125,67.1,30.4265946472327,52.4830136415129
-98.5294,28.4114,105.2,25.7330245171155,42.3586001646619
-106.0581,31.4028,1074.4,9.75846204520878,36.1036267598142
-102.1044,34.9578,1141.8,12.0372632577996,61.7139162404581
-99.3256,34.1517,368.8,27.0072904914815,47.846221086596
-96.1594,30.3236,65.5,86.3002146172503,58.6479675277252
-99.2536,26.8706,97.5,20.2125343688714,64.2009459777341
-112.2667,41.3,1283.2,28.5296391093169,12.4324634371166
-110.7203,37.53,1164.9,13.6756479238314,9.67798933951451
-113.7128,39.8997,1323.4,11.2926328947858,10.6878124521798
-109.8611,40.2842,1539.8,7.1345795361811,7.89240289357789
-110.3878,37.875,1219.2,14.0853643105161,15.1282326456659
-109.6422,40.1342,1421.6,7.93779257687854,14.4981014200464
-111.6508,40.2458,1392.9,46.229976892583,17.0794370272633
-109.9586,40.2878,1528.3,11.7201890129404,12.5596965688339
-113.5611,37.1069,844.3,31.6399342195654,10.4104460532346
-111.9128,41.9153,1357.9,30.9923318565437,15.0685247349055
-113.4264,38.4831,1487.4,7.79875492583901,12.7612746592954
-78.2886,37.7092,68.6,75.7895249149958,102.200465821691
-77.8769,37.6664,106.7,80.7240501950745,91.7807335210253
-77.2775,37.2992,12.2,87.6433635038355,110.234832409048
-76.2689,37.4031,1.5,86.931670503848,114.439689999726
-80.0272,36.7764,342.3,79.3570328409296,114.493889086944
-77.8858,37.5144,121.9,84.4424536761761,100.451346236145
-79.0844,38.1692,51.5,63.9394610560196,94.5011047073483
-77.7678,38.6811,152.4,76.0082780118822,102.882444089094
-81.0942,36.9317,746.8,72.0261557841089,91.7914288173706
-117.2472,46.2039,1037.2,20.0832550949533,27.8183192206669
-122.0036,47.1694,208.8,151.962905087233,31.4047036744636
-123.16,47.3706,6.4,368.456084487685,26.0194720630731
-123.2106,46.6297,79.2,197.467245196226,17.1494369425452
-123.4008,47.0092,21.3,264.813050936631,23.773456214699
-118.8786,46.2447,112.2,32.6626853506833,6.25312841464677
-122.9164,46.1506,3.7,167.852014277028,20.7569722704681
-120.0078,48.1075,345.9,37.8627689405872,11.6742710157157
-122.3867,48.4403,4.3,102.131866012919,28.6933956449723
-123.2333,46.8333,24.4,192.426936649254,17.7639144712291
-122.7586,48.1161,30.5,56.8204484138592,18.5564607943871
-118.7314,48.6469,798.6,35.3685717855488,29.8570542938118
-119.2633,46.3119,113.7,24.9168414687928,5.94004867361476
-120.4994,46.6722,341.4,21.9178878128123,5.90080446831909
-123.0639,48.085,15.2,49.3685427173371,14.0415416399341
-120.0103,46.3236,227.7,24.3269049530404,3.38054086833752
-120.4203,46.4353,256.3,25.1373993270879,6.10483386241288
-120.1886,48.4742,533.1,48.1372781263423,16.8477682798541
-80.6203,38.845,239.3,83.7011128758962,130.936943879858
-81.3706,38.1947,189,75.505502919914,124.667223057936
-78.9664,39.0461,271.3,43.8519056650602,95.2436418336997
-80.7014,40.1478,195.1,69.1993326799949,93.2390077576025
-80.5336,37.5436,643.1,60.4387002121451,90.6455406428613
-91.3411,44.0758,233.2,23.5259635161618,109.522037860423
-87.505,44.4628,177.1,33.7352305064937,86.5322402986596
-89.8772,46.1222,491.3,26.4431257771929,92.9412984137973
-87.7167,43.75,197.5,42.5604261137244,74.7230927848764
-92.0167,46.7,192,19.3551355685672,92.9398799686125
-87.5678,44.1431,179.5,38.1642734886932,73.4793026400907
-87.9567,45.3803,227.1,27.5701107224511,83.0553082236767
-108.5086,41.5894,2048.3,5.96629342505466,12.6231338656846
-109.1375,44.9367,1246.6,6.01484281196341,20.0094159778117
-108.5931,44.8919,1251.2,2.0979094656046,14.1164177275008
-108.9489,43.2281,1699.3,3.62016459596022,20.7361383396514
-104.9614,43.4117,1345.7,5.00199950052743,36.7458078670863
-106.4136,41.6878,2214.4,12.5461795631729,18.7394272277141
-105.7878,42.8267,1508.2,4.92397504621988,20.8691614991621
-106.6375,43.7144,1420.4,8.15453510381645,33.9881141798307
-104.1669,41.6378,1399,9.06901136091432,47.1238678946696
-107.9381,44.1786,1225.3,4.70536360817281,17.2916103356681
-108.1436,43.7536,1304.8,9.08603293253613,20.1210511138942
-104.9492,42.1106,1413.7,4.4194076519053,44.3166950615293
-101.395,35.695,930.9,14.9729806188159,50.4378270129295
-102.2842,39.2447,1277.7,2.25693790487957,61.267076099261
-116.1594,33.6267,-36,14.0107306584029,2.35085641459833
-111.4478,36.9261,1313.7,11.6986147162713,8.77251216506611
-118.3342,33.9228,19.2,63.9285516993655,0.195448859509419
-117.4386,33.9519,245.4,37.8723371175147,0.330552626546713
-81.9633,33.3644,40.2,99.3254022163086,106.510058817218
-81.21,32.13,14,90.0493906484447,139.002759939754
-98.4172,34.5583,325.8,15.5366872282809,35.1243503298823
-97.2211,37.7461,433.1,13.8027176739317,83.8677191598104
-111.0306,41.2731,2183.3,9.67211660741127,28.7332402796069
-119.2611,45.8258,195.4,28.0052118315324,3.68497089341755
-114.215,44.5228,1534.1,9.34343902489559,11.3003429715568
-68.3133,47.2856,301.1,28.7258197564112,114.99873506664
-87.9047,42.1208,193.9,23.9409897975923,61.7371641084171
-88.4864,43.77,246.6,18.313192608379,84.8791851946633
-84.0794,41.8678,242.6,32.925269403004,81.3866151967091
-84.4289,41.3375,215.8,38.4122001448173,71.3159291044259
-81.6836,41.5175,178,40.0547842477577,112.288005227397
-84.7014,45.0133,406.9,28.4694648329345,71.0122013332892
-80.6958,41.7781,281.6,44.8700168027047,101.013082821838
-81.8097,28.8208,23.5,64.0604431423548,138.848520124662
-85.0333,29.7333,5.8,106.828069390834,169.541628246804
-80.2428,27.6531,8.5,60.8401809621369,134.60447280411
-81.2436,28.7797,16.8,50.7629622978753,174.072699170242
-89.4075,29.3331,0.9,135.211009376431,156.582275743885
-80.3767,27.4981,7.3,44.72354945852,157.053686985012
-97.4186,25.9156,7,30.7631398011131,48.0443117637489
-98.2539,26.1839,30.5,23.3560300577276,46.2930164004902
-98.0281,29.7036,192.9,43.0065755567011,57.417775217755
-77.9647,35.3444,33.2,91.9796294692728,135.19221392503
-74.4242,39.3792,3,77.2990951170873,79.6769980666108
-77.9844,39.4019,162.8,61.2266616485152,86.9328020366574
-79.9319,32.78,3,72.9272411376411,130.89320161826
-82.5067,31.5358,58.8,105.374354448931,130.562196477368
-82.5567,35.5953,682.1,71.0876600569483,82.5663870554946
-82.4044,36.4731,457.2,84.8774089406322,114.54931277986
-81.1186,33.9486,70.4,89.690756108764,131.650183892664
-86.4075,32.2997,61.6,117.982543979862,129.652578591844
-97.68,30.1831,146.3,54.5611195847166,58.4330354742207
-92.2956,31.3928,34.1,130.442584636434,80.5403547732443
-97.2283,31.6189,152.4,52.525714810795,42.3939544624637
-94.3625,35.3331,136.9,64.6877560543871,72.2948055522692
-97.6006,35.3889,391.7,31.7876068524981,66.6397677942226
-95.4025,32.3542,165.8,66.0904728617051,29.6180666723955
-98.0283,37.155,408.4,22.222725835779,80.4140606106673
-67.7928,46.1236,145.1,67.1010011003257,90.6541432839245
-71.0106,42.3606,3.7,83.5276185931493,81.0169691511958
-72.6825,41.9381,57.9,79.7986897591095,99.3944728433775
-75.1097,44.5772,136.6,50.730185975095,88.2491659793879
-70.0608,41.2531,13.7,76.3431685065068,60.7017671412034
-71.4325,41.7219,18.3,96.5584946940988,76.0882336828225
-76.9217,41.2433,158.5,65.6911960766045,104.471318193773
-82.8183,42.6083,176.8,45.3890670180987,71.8095204855683
-83.7494,42.9667,234.7,38.5723057386063,80.3362499388183
-84.4908,43.9758,236.2,44.3565479141175,73.187747090133
-84.4667,42.2667,304.2,35.0674976376147,85.6180732115101
-87.3794,46.5458,202.7,45.2500363511145,67.8188146732132
-83.5333,42.2333,236.8,31.6104730920446,78.4264564956551
-88.4889,47.1686,333.8,57.6370570022274,61.2981674055535
-81.4333,40.9167,368.2,62.1126686488306,96.1418151301907
-88.1111,44.4983,207.9,27.8207555704624,81.4572743964103
-93.3981,48.5614,360.6,15.4631698571825,90.2905809747441
-98.6692,46.9258,455.4,10.2465269377658,77.5511694857204
-91.2528,43.8789,198.7,28.5611477768158,102.735590477206
-97.2417,48.9711,240.8,11.2191874732568,74.6432896862633
-91.5431,41.6328,198.1,16.3791147641244,114.93416235243
-97.1494,44.9047,532.8,12.6416367166945,74.5592710579681
-91.7167,41.8833,264.6,23.3601036726756,105.300503710707
-95.0803,44.5483,311.2,14.5855329552656,84.833982745476
-100.9269,29.3783,304.5,15.0203737129519,43.5598313396266
-100.4922,31.3711,576.1,23.2478265365962,30.9133261234314
-101.8136,33.6542,993.3,14.2945416831871,46.6843369502601
-107.6389,31.8297,1239,11.2958782697352,50.8668406910468
-100.7247,37.9272,878.4,8.19511651862075,82.6816401115763
-107.7206,32.2622,1310.9,13.7847008946752,53.0206981789611
-102.9167,30.9119,917.4,12.5670752754068,43.1935988911924
-119.95,36.3333,70.7,39.9711603941456,0.1679076636891
-114.8467,39.2953,1908.7,16.4884569330301,15.4132400574975
-115.1633,36.0719,649.5,11.6477849076224,8.34088355457244
-110.7153,38.3706,1313.1,10.9756026366021,10.1939953106371
-118.3889,33.9381,29.6,65.3424243656443,0.591879957050952
-113.0167,38.4167,1536.2,17.5427674034869,18.4398017561178
-114.6189,34.7675,271.3,15.5394863565686,3.43110361793666
-118.7242,34.7436,1374.6,49.2452887730973,0.882567178833901
-110.7208,35.0281,1489.3,11.9578966061326,22.4345166686743
-122.2208,37.7214,1.8,83.8636424207804,0.418599590482096
-120.9506,37.6242,22.3,63.7408297197466,0.391196029056776
-120.4486,34.8994,73.8,66.3470709594812,0.617885649622235
-101.2733,48.2553,507.5,11.7374438212971,60.1342588646586
-108.7261,42.8153,1704.4,10.0408499143346,18.179803413338
-105.6747,41.3119,2214.7,6.4498545575602,33.8116321229386
-101.6011,44.0511,672.4,8.3183714644465,47.7711335071376
-106.9689,44.7694,1202.4,14.6692758933193,26.2096921330437
-102.9847,41.1014,1313.4,5.71776117815079,70.97893611526
-109.4578,47.0492,1263.4,15.3423306524178,46.3933054978938
-105.8825,46.4267,799.8,7.64916256460393,36.4824698637134
-108.0822,44.5169,1198.8,3.99634914608455,8.34552264790007
-108.4767,43.0661,1697.1,5.4410187187672,14.0168211556017
-103.0536,44.0433,963.2,7.37352027410648,45.0687632941134
-116.8917,40.6117,1373.1,21.4252039225087,5.16891073161287
-117.8086,44.8428,1024.4,19.9461179850194,15.4904675642687
-113.7661,42.5417,1262.5,22.2722148245087,6.86420589223184
-112.3753,48.6033,1169.8,5.02180078966254,28.0182661687972
-112.5545,45.2575,1585,6.56101565570422,29.1801671099755
-111.9636,46.6056,1166.8,9.37560721627581,27.7179634234204
-110.4408,45.6983,1415.2,11.8028552326775,33.7682069180224
-114.8903,47.1928,826,28.1627311515565,23.2894477384974
-118.2869,46.0947,355.4,56.6214812337323,12.0982021227994
-117.0128,44.0206,667.5,29.274296663518,6.72401858576594
-119.1167,46.2667,124.1,24.5611007249291,4.40015176379707
-110.1075,42.5844,2124.5,7.31442526911935,17.1025106525676
-118.5692,40.0681,1189.3,13.620457418826,1.71740198674893
-114.0358,40.7206,1291.4,7.23539172361835,5.66775098533514
-124.1603,40.8097,6.1,161.558384627997,4.02063943752063
-122.6003,45.5908,5.8,121.744236238918,15.6913228024003
-123.3642,42.6003,1168,125.738821116322,6.77816165807425
-122.2986,40.5175,151.5,132.778829149901,1.90195053219864
-88.2803,39.4781,219.8,38.5799594017023,97.8314483675665
-87.0442,31.4156,78.6,129.507039284792,137.189837989377
-86.2958,39.825,250.9,46.8298107807815,115.973145042212
-80.6206,35.0169,207,79.5788827336672,81.5742022050114
-90.4281,38.9286,132.9,51.6164229162866,81.8231265745657
-93.745,32.5428,54.6,98.0732881302942,100.151254251902
-92.4703,36.3689,282.9,60.3600549571867,59.4457865701689
-80.1336,25.8064,0.3,47.1195484979338,103.496748392452
-107.7597,37.1431,2030,27.2514380007413,35.80922690425
-109.6061,31.4583,1251.2,16.4629101314892,71.7807533796985
-109.3792,34.5183,1747.4,7.50535661949003,31.0821765107538
-104.2581,32.3336,985.1,9.05971187603133,40.3132005731728
-102.55,36.0167,1216.2,10.4716904897948,65.7145437861971
-108.8389,35.0706,1923.6,21.6161913172944,42.5534543386801
-107.8992,35.1664,1987.3,13.9358654817696,39.1249787833195
-104.8489,39.5703,1793.1,11.6664407100537,48.6277892046888
-108.6275,37.3031,1802.6,25.4743430225473,23.9480852515208
-106.8683,39.2231,2353.1,25.186887863392,42.266809678468
-109.7542,38.755,1390.2,11.0804440570989,13.5889942122761
-109.6353,32.8547,968,13.2358052183712,32.5349680569473
-118.7167,39.4167,1199.1,11.7030526047059,1.77306930829998
-113.0944,37.7086,1702.6,20.6953303444453,20.5697318123604
-116.5053,33.8281,128.3,23.4289376525223,5.92018863397815
-112.0825,33.4489,334.7,22.5001218506543,22.4018626555422
-113.9331,35.2578,1042.4,19.093782659775,11.7552399714278
-119.7194,36.78,101.5,53.0028772582086,0.30904419103377
-120.6283,35.6697,246.9,66.5103013462939,0.143030345726614
-121.5897,38.6956,7,91.5243143683421,0.562905167408819
-78.453,38.1386,195.4,68.047430113791,88.231518652261
-76.8742,39.9181,148.1,72.3696574556407,88.3443384934004
-79.3661,34.7917,67.1,72.7126477334907,118.474623247105
-85.1611,34.3478,194.8,105.954463214987,90.8036801186444
-87.6161,33.2119,45.7,125.237176747742,109.134480859736
-80.2222,36.1336,295.7,90.0054470160329,111.574072186838
-86.4239,36.9647,160.9,88.2159033454006,103.592966075469
-84.4189,39.1033,149.4,67.6395207796333,94.779591599384
-85.7392,38.1811,148.7,77.6713098435991,105.194511915375
-89.6839,39.8447,181.1,43.3330843930805,97.0746624471195
-81.8922,39.9444,268.2,62.9727193407512,92.8400944409413
-89.9161,37.0956,109.7,74.8067155335323,94.3406191865373
-81.6667,30.2333,6.1,79.0084675505046,164.44896112993
-84.9422,32.5161,119.5,100.507650804095,118.024658835639
-82.7097,34.4978,231.6,97.937413182839,88.7645950713726
-88.7714,34.2622,110,109.633729608218,95.5790651312461
-94.8897,38.8317,331.3,24.708369020922,116.391475643314
-90.4708,31.1828,125.9,151.685632429339,134.523979037376
-95.7831,34.8822,234.7,52.7783702840259,62.4553729471805
-98.0603,32.7817,283.5,38.0714238731938,46.7866015796047
-99.0525,34.9894,474.3,18.3458435415761,60.0399949105075
-94.7544,31.2361,87.8,101.942320423842,72.3930430452932
-91.9347,34.175,63.1,81.8985120135668,99.0771257807255
-91.1919,39.9369,234.4,35.9540698163126,94.3945670070821
-99.8297,39.3756,666.9,8.29890103175757,83.9338562553066
-92.8142,33.2208,76.8,102.043427693547,84.9189137550022
-94.1694,36.0097,381.3,64.0798661317522,79.9584849242851
-98.8092,38.8761,568.1,11.6607499626821,93.4966712933381
-109.7633,48.5428,787.9,8.42402436991384,38.1861794321048
-103.6367,48.1739,579.7,14.1896011128025,59.7986062767406
-105.5744,48.0944,605.3,4.98934771863986,44.6743207400084
-109.5144,40.4422,1603.2,11.9367342429862,14.5429659362187
-102.6547,46.0139,824.5,5.3894352590707,53.5362076363126
-101.4394,47.6458,582.2,10.3790205757728,71.5052887006342
-107.8853,40.0489,1947.7,25.3090958760568,26.8403753301649
-100.4078,45.5464,522.7,4.7792508267981,54.4011920464762
-104.1528,42.0647,1281.7,2.9956550857691,58.6645655967358
-106.7211,44.3814,1513.9,5.37405790970614,40.4039700613453
-105.3856,42.7972,1502.4,7.41252446075943,31.7126666085429
-117.3214,47.6831,595.3,44.6847020986513,18.8824192364328
-114.4869,42.4819,1265.2,18.7915384236196,9.36645065079883
-118.9564,43.595,1261.9,28.0016095934609,9.29825830891363
-111.8045,43.8339,1480.7,20.4443543046007,14.9000654711917
-121.7242,42.1469,1244.8,39.0355111311127,3.9791343325695
-120.2014,47.3978,374.6,24.7442643845153,6.15131804774184
-123.1339,45.1947,48.5,139.068753107822,9.09307160871901
-122.6572,45.6208,9.1,139.770061361953,16.4352842212453
-120.5644,41.4914,1333.5,30.0536343276415,3.18064775338233
-71.1786,44.5761,353,38.4616871713166,97.3962036643655
-73.1289,41.1583,1.5,78.0395306712083,81.8675519641486
-72.5794,44.2033,343.2,55.6610488359663,97.5829373746403
-70.615,41.3931,20.7,68.2206071935166,69.4070264434334
-71.8731,42.2706,304.8,87.9443508932272,99.8449763036635
-72.3047,43.6264,182.3,68.2151809289055,95.7268120726234
-76.0217,43.9922,96.9,62.427289211352,63.7148256089562
-75.3839,43.145,216.7,73.8486215164189,97.4072639679519
-84.6739,44.3592,350.8,36.6266888583159,65.129205625693
-89.0931,42.1928,222.5,33.7314596831352,93.1098089910714
-80.2144,40.4847,366.7,65.729008090831,94.2970153891349
-83.8014,41.5886,203.9,48.7712860144661,76.7027244572781
-88.5569,43.9844,238.4,17.8912304329406,90.0384478300751
-85.5447,42.8939,237.1,50.4207246661558,89.0360881241352
-88.2778,40.0397,229.8,37.1402296350885,96.1584717871557
-88.2464,41.9144,229.8,25.8075655913403,91.2496283286105
-88.1144,45.8183,350.2,15.4184487297399,77.2209454432181
-85.3936,40.2342,285.6,48.0461515598684,101.880362499625
-97.3633,42.8783,359.7,12.0917894475562,71.918199494959
-90.9189,46.5486,251.8,12.9840271035226,84.5163056244252
-94.1308,46.4047,372.2,4.6753025274894,92.8426769913923
-99.3183,43.7667,519.1,9.14105483832953,47.9061986788361
-99.6333,41.4333,771.1,9.34882568457221,97.8569676960555
-98.4272,40.6044,591.3,7.34028734614888,90.0174492385329
-94.6,48.7167,329.8,9.67832832304167,100.70699685649
-95.0678,46.9006,437.1,11.7840368320491,96.8982032702284
-94.7461,43.4075,401.4,16.3392594077907,110.038610746657
-91.4442,46.0261,367,13.275145061164,106.544409066782
-96.1778,41.7636,313.3,7.95595995165616,78.3313862893391
-90.1875,44.6381,382.5,10.9701444440579,78.6208724384082
-93.6217,41.9922,283.5,12.66658615043,118.368918320925
-93.9019,40.6331,344.7,18.2496414672347,107.293376428769
-90.6775,43.1561,204.8,21.2948522663789,91.1239813998106
