"","x","y","elev","p01","p07"
"1",-125,51.6,760,1.85072730453716,1.44648914264898
"2",-123.28,52.08,800,1.35934365570545,1.59560078099215
"3",-113.53,54.82,626,1.44120922327463,1.98147912956678
"4",-98.63,54.92,233,1.25492782646728,1.88928178239698
"5",-122.05,52.18,940,1.59593690626917,1.71899963787872
"6",-122.25,51.63,1027,1.51903752371601,1.53169558014431
"7",-123.03,51.72,1128,1.49508714332248,1.60930951613056
"8",-122.65,51.85,488,1.33075219238956,1.6381823268425
"9",-122.48,52.98,488,1.74529208222285,1.75405961166434
"10",-127.37,50.68,22,2.36659534761502,1.72871580334101
"11",-127.65,50.53,8,2.5185797370876,1.68999187737672
"12",-126.93,50.58,63,2.30770992340481,1.71583627516499
"13",-121.77,49.25,15,2.36748637616779,1.7475283292345
"14",-119.2,50.23,482,1.63088532141726,1.53214900160412
"15",-114.12,53.88,701,1.44760260158851,1.96997344623842
"16",-110.28,54.42,541,1.34193533581415,1.92128016734477
"17",-115.57,51.18,1397,1.5470990111004,1.68537120764802
"18",-113.58,53.3,715,1.38250289309736,1.97802215930703
"19",-113.85,53.28,720,1.42819877134149,1.99017349509175
"20",-108.52,54.13,480,1.21234976180662,1.89157883785169
"21",-108.43,54.13,494,1.1876973793886,1.78128551816424
"22",-108.43,54.13,481,1.3372169980113,1.91654240760538
"23",-109.55,50.88,671,1.19879328072014,1.69701175284095
"24",-109.85,51.33,658,1.13808255718907,1.7255722970863
"25",-111.35,51.58,762,1.11374653499901,1.78486443042701
"26",-109.95,52.33,667,1.29945861982239,1.88071508439441
"27",-104,53.33,372,1.21390861269915,1.84140189959881
"28",-109.52,49.2,945,1.31315212882043,1.61122116911297
"29",-107.87,53.1,704,1.36160208519357,1.9034440908678
"30",-105.97,49.73,724,1.2951803721134,1.70897811164243
"31",-106.6,51.12,588,1.23344082115973,1.67423273639549
"32",-102.47,51.27,498,1.34063166663974,1.80542864567665
"33",-101.8,51.52,457,1.30178072110274,1.84109188992734
"34",-101.9,51.57,440,1.25592128195808,1.75450139290725
"35",-99.95,49.92,409,1.29362259629244,1.82755673649045
"36",-97.83,53.97,223,1.3948192126515,1.82184163494664
"37",-97.8,54,217,1.33340067533219,1.84344079591729
"38",-98.03,54.53,219,1.34741536772101,1.81917416841071
"39",-94.65,53.85,237,1.36833928587788,1.95641693249866
"40",-64.1,53.55,440,1.84097824901231,2.06810633009105
"41",-69.55,49.3,152,1.8120001115377,1.98701188499256
"42",-67.62,49.32,30,1.85436890349776,1.79381578125451
"43",-70.53,50.63,495,1.65185929359856,2.10436207693682
"44",-68.83,50.65,406,1.81609148759222,2.09551314216912
"45",-64.48,48.77,33,1.95846152084395,2.02418928536221
"46",-64.48,48.83,30,1.91800285860582,1.96151921399164
"47",-65.32,49.23,2,1.90088637017267,1.90911531332539
"48",-60.15,47.2,32,1.89770268007695,1.6794372792463
"49",-122.93,50.45,223,2.12836512272011,1.3871812498549
"50",-84.08,46.75,221,2.10093634989459,1.87290678680123
"51",-64.85,44.67,167,2.17137451155626,1.98624331954095
"52",-65.52,44.75,8,2.16998318561219,1.9395403101666
"53",-63,45.22,23,2.08430993924154,1.9783481867242
"54",-62.18,44.98,15,2.17354810745937,2.04334448925899
"55",-61.25,45.52,66,2.16401756484245,2.0052027856491
"56",-64.25,45.77,20,2.04349884484684,1.94833515269899
"57",-64.38,45.9,24,2.04384826259817,1.92977578243837
"58",-64.67,43.98,9,2.08546171660785,1.86442924674639
"59",-61.4,45.63,23,2.10953831929931,1.93931577193611
"60",-63.28,51.87,561,1.77604676539391,1.97155821498149
"61",-78.28,43.95,81,1.79967878248376,1.76094276891562
"62",-90.52,49.03,493,1.61825941068216,2.00781765226787
"63",-89.37,49.35,457,1.65582832612434,1.9579059279464
"64",-79.43,44.07,282,1.69184983218605,1.85370776329668
"65",-97.2,49.07,238,1.39702952045007,1.90583123156913
"66",-98.08,49.18,297,1.3560396086617,1.85343250464426
"67",-98.97,50.52,270,1.26156341847736,1.78733606692461
"68",-100.93,49.85,437,1.31246152349801,1.81965180968107
"69",-124.83,49.25,2,2.42540993782642,1.46066984829339
"70",-107.98,52.07,671,1.24514521156569,1.77289825668244
"71",-60.02,43.93,4,2.13065534902203,1.96632518450644
"72",-63.5,44.63,51,2.13373297009465,2.00626464198737
"73",-66.08,43.83,43,2.14540418428593,1.92563121774188
"74",-65.62,43.38,3,2.15299402212885,1.86754995982519
"75",-65.53,45.72,21,2.03055877547985,1.95787605760537
"76",-71.83,45.37,159,1.86933317792895,2.02672890463102
"77",-72.13,45.63,123,1.89393868576068,2.02474810858907
"78",-77.4,44.15,76,1.82758131758599,1.75540913968918
"79",-80.77,43.13,282,1.76260202136166,1.91678737657389
"80",-79.4,43.67,112,1.77757320334538,1.84348943093245
"81",-77.98,45.5,316,1.71542214196214,1.88894388611384
"82",-77.32,45.95,130,1.70479024442565,1.86421470257069
"83",-77.37,46.05,122,1.69422166020443,1.88294298635623
"84",-73.75,45.47,31,1.88175376935226,1.94423100261921
"85",-74.17,45.05,49,1.90375000377823,1.93367621777546
"86",-73.12,46.03,15,1.85521502467648,1.94505274332738
"87",-74.2,46.32,389,1.90734984047486,2.01500125127108
"88",-76.23,45.18,125,1.68692129732596,1.87839326081981
"89",-75.62,45.45,98,1.81006335383738,1.90323335404814
"90",-78.58,45,320,1.90180543369096,1.88791520154578
"91",-79.22,45.33,286,1.97513000500909,1.87626139538319
"92",-80.05,45.35,198,2.06246870650526,1.6646560011459
"93",-81.37,44.5,186,1.93598436954821,1.81832997111964
"94",-81.67,45.25,183,1.82985840353969,1.75136972811331
"95",-66.53,45.87,16,2.02193898386097,1.94717875639258
"96",-66.03,46.03,23,1.96696189033884,1.95025506352085
"97",-67.58,46.15,55,1.95633010444487,1.91914232206301
"98",-65.87,46.18,11,2.06885617341721,2.02164366930894
"99",-60,45.9,46,2.16173568962881,2.00455257559541
"100",-60.75,46.1,8,2.13556880593421,1.9387544850339
"101",-66.33,47.98,37,1.93250999979938,1.98782711189102
"102",-65.65,47.62,12,1.88844129448674,1.92535560236593
"103",-66.93,47.97,16,1.92018689520978,1.9325853603803
"104",-66.3,48.1,7,1.82752699511096,1.96851884553735
"105",-65.68,48.1,23,1.89537476988008,2.00157878719539
"106",-65.65,47.62,5,1.9319331896222,1.96455173039276
"107",-72.75,46.57,122,1.899338673629,2.00016271194817
"108",-69.55,47.8,148,1.84774400848018,1.84379644573071
"109",-70.03,47.35,30,1.9022130673548,1.96846465730966
"110",-69.52,48.25,61,1.84698786298097,1.97011697182172
"111",-69.03,47.43,213,1.85667018166905,2.00262297392861
"112",-67.23,48.37,168,1.87766212012444,2.07695601135499
"113",-76.05,46.07,142,1.86022954842191,1.96835698580083
"114",-77.78,48.07,337,1.77432684387009,1.99423676654947
"115",-78.3,47.77,311,1.75638140621808,2.07108891221155
"116",-78.13,48.57,310,1.72494718286125,2.01401939738264
"117",-75.17,47.22,390,1.89542261774452,2.1151494584304
"118",-73.8,47.9,357,1.77790801111777,2.09859386296478
"119",-74.1,48.35,404,1.8308425171485,2.08185362417786
"120",-71,48.33,159,1.78373870948958,2.06376625377635
"121",-71.08,48.42,15,1.81038175415335,2.11930520236014
"122",-72.23,48.53,102,1.81292545906557,1.99170909043387
"123",-71.25,49.9,399,1.75927689086083,2.13951006814692
"124",-71.05,50.73,506,1.72742933845376,2.11623313463017
"125",-81.57,46.38,206,1.72775916991536,1.86052531062923
"126",-80.98,46.48,259,1.76838935562896,1.85153089906333
"127",-82.1,47.3,407,1.76765251109093,1.89024506506109
"128",-81.45,47.3,410,1.67331195629259,1.93513302107881
"129",-78.73,46.37,172,1.7585515794783,2.02736550942913
"130",-82.65,46.38,312,1.73228267600947,1.80255149699564
"131",-79.63,47.45,189,1.68351047601406,1.92654073115092
"132",-79.22,48.78,244,1.66587223901851,1.97059436983595
"133",-78.7,47.38,322,1.83441213558718,2.04441919499981
"134",-83.35,47.82,447,1.70066409469044,1.86521193280136
"135",-83.43,47.83,432,1.67147639384697,1.85341712485923
"136",-84.42,48.47,373,1.74529919157635,1.67793879140303
"137",-83.43,47.83,428,1.71095938584859,1.86612798971685
"138",-81.37,48.57,295,1.74015613325095,1.96291068751201
"139",-82.43,48.25,329,1.59975206446049,1.85207678623926
"140",-80.67,48.75,259,1.6847435593151,1.94997133145569
"141",-93.42,48.62,343,1.49421941702636,2.00374318573351
"142",-91.63,48.73,391,1.47913093779729,1.75856912955911
"143",-89.32,48.37,199,1.57885234756239,1.90892121396135
"144",-88.52,48.82,193,1.61380353507869,1.8874967480551
"145",-124.13,48.83,177,2.51435845464152,1.55199861904901
"146",-63.58,50.25,6,1.91354186398894,1.96702822554086
"147",-64.78,50.28,15,1.7894749540223,1.95475129598406
"148",-66.27,50.22,55,1.95184169819303,2.00408150290635
"149",-66.47,49.13,15,1.78174616621135,1.92709693182537
"150",-66.63,50.18,53,1.9286392010059,1.95476801608462
"151",-61.82,50.18,7,1.96170756627244,1.96021075046829
"152",-62.8,50.28,8,1.82770093807961,1.94697444305243
"153",-60.67,50.22,8,1.70552418472988,1.94057166430255
"154",-60.42,53.32,46,1.85240491463556,2.04989161097449
"155",-77.82,49.77,281,1.76295693042654,2.05066919070629
"156",-76.97,49.05,304,1.67035003266168,2.0307080231461
"157",-78.3,49.47,290,1.72462377904577,2.05174194722655
"158",-74.85,49.78,396,1.74700987235861,2.06491962593608
"159",-73.88,50.42,380,1.80872720238307,2.02593515821859
"160",-66.87,52.93,550,1.79128050182392,2.04960199574573
"161",-65.73,51.88,610,1.73251986791786,2.01941422610009
"162",-68.13,51.95,575,1.81219120816406,2.11541346749367
"163",-77.7,53.63,191,1.52127244145211,1.85499556122644
"164",-78.52,52.25,6,1.52807995649848,1.92859324282507
"165",-79,53.83,7,1.32885131244535,1.86968045870736
"166",-82.47,49.42,226,1.72077928135836,1.9977735186412
"167",-82.43,49.4,218,1.68424713616821,1.96606445997849
"168",-83.17,49.6,233,1.85015751263347,1.98451873887854
"169",-82.17,50.07,183,1.75225588806218,2.00071593032936
"170",-84.8,49.23,329,1.71272121612989,1.85320756255149
"171",-85.27,50.03,189,1.73700946162807,1.97545309885281
"172",-86.4,48.72,189,1.84336079151143,1.86566193353458
"173",-87.1,48.8,289,1.7230758197861,1.79171870127902
"174",-85.83,49.27,338,1.67187043082077,1.91102183505489
"175",-86.5,49.75,317,1.73878453187675,1.82776379898239
"176",-86.7,50.18,325,1.63773691602923,2.01389995394735
"177",-80.65,51.27,10,1.56736113897809,1.98446853731195
"178",-81.67,52.22,15,1.35452214894863,1.96670126251786
"179",-87.98,50.78,329,1.64815999130582,1.97801334124929
"180",-91.9,50.12,389,1.55098430656057,1.95820420701133
"181",-87.88,52.23,256,1.47496642291893,1.96969006568732
"182",-97.33,50.12,251,1.38034905144872,1.89216340713034
"183",-93.8,51.07,375,1.4305901941395,1.9259299740485
"184",-101.28,50.77,567,1.38310613228727,1.79687754139076
"185",-99.78,51.07,280,1.33781902748345,1.84690183736653
"186",-98.62,51.3,250,1.261130364041,1.67336666143861
"187",-96,50.47,249,1.36912882684721,1.82717881780804
"188",-95.68,51.03,268,1.40954013269019,1.83993423561044
"189",-96.8,51.63,222,1.45289828356547,1.87077999605063
"190",-99.27,53.18,223,1.2213707905234,1.74145401022072
"191",-99.28,53.15,223,1.20207094916107,1.87161738013504
"192",-102.93,50.42,599,1.34404821326028,1.74653610527066
"193",-102.97,49.22,572,1.30541439761032,1.76376043820413
"194",-104.67,50.43,577,1.21861787300927,1.80417953524705
"195",-105.55,50.33,577,1.28564236449163,1.73109787885614
"196",-105.53,51.37,556,1.10856126356355,1.70127285889429
"197",-103.92,51.98,533,1.38383613768538,1.83267303642034
"198",-103.27,52.08,611,1.35523206784754,1.76465393899352
"199",-106.68,52.17,501,1.25059285074278,1.7519956886894
"200",-101.1,53.97,271,1.2877964231903,1.86293716804842
"201",-102.3,53.97,271,1.21887643403784,1.87428649698028
"202",-101.85,54.77,335,1.31163983994539,1.88891452810902
"203",-102.32,52.82,358,1.18996582458936,1.8796965775474
"204",-102.4,52.87,372,1.29457282063395,1.91095132109805
"205",-105.68,53.22,428,1.25100517349363,1.85792321754868
"206",-107.32,50.77,660,1.23896816061043,1.74858635859045
"207",-111.45,52.07,791,1.30632448265946,1.83359136205496
"208",-110.13,53.67,575,1.31707701805498,1.91161312792981
"209",-110.72,50.02,717,1.32166233349043,1.63066451917433
"210",-111.45,49.48,884,1.34232043541625,1.54971618263028
"211",-114.17,49.47,1286,1.71571057842619,1.6464466610061
"212",-113.4,49.72,950,1.35280138495636,1.62859262083812
"213",-112.12,49.78,808,1.4068123416667,1.58007945591804
"214",-114.13,49.92,1194,1.30571801184787,1.70753551969917
"215",-112.13,50.05,779,1.30668196589997,1.54795852419939
"216",-108.25,52.77,548,1.2981535855507,1.82642878129472
"217",-108.83,52.37,660,1.23202520604322,1.80457886220672
"218",-114.02,51.12,1077,1.16666688336361,1.84240951807018
"219",-114.17,50.48,1219,1.35836012129554,1.76704103136364
"220",-112.72,51.47,687,1.24541264527742,1.72133007157157
"221",-113.2,51.78,854,1.34980799759035,1.83458424231288
"222",-114.38,52.28,960,1.40259895529926,1.96880604688744
"223",-113.75,52.47,847,1.30852073966806,1.91589731979193
"224",-112.13,52.47,663,1.25259202884326,1.89244696159472
"225",-113.52,53.57,668,1.37523386031081,1.97263967119876
"226",-115.78,49.62,939,1.53563919930206,1.4994585538324
"227",-117.63,49.3,494,1.86215277966732,1.63630270262718
"228",-116.97,50.23,549,2.01050352598109,1.71424050238297
"229",-116.97,53.23,1130,1.52361466458477,2.04823055218359
"230",-118.95,51.25,351,1.973725794341,1.89000318732003
"231",-116.98,51.3,785,1.81281041242598,1.6304533013581
"232",-119.3,52.13,679,1.96009510624438,1.93675178529332
"233",-119.78,51.58,445,1.63063871097226,1.62508083409523
"234",-119.25,52.82,797,1.7326631967329,1.64038420751119
"235",-120.45,50.7,345,1.45405173929012,1.45903042481045
"236",-117.45,52.45,1554,1.46527190840271,1.78045340057744
"237",-117.68,53.38,991,1.49078033526695,1.92161460788583
"238",-119.1,53.9,1250,1.50718315512089,1.90025146161921
"239",-120.07,49.35,517,1.52878321391864,1.50304125322168
"240",-119.65,49.57,454,1.53307266004881,1.41651569213929
"241",-121.58,50.23,258,1.82950601628118,1.16429124625902
"242",-121.93,50.7,244,1.61403342603431,1.39727330799393
"243",-123.87,49.05,30,2.24057420701838,1.37055934773166
"244",-125.03,50.08,6,2.2313192578496,1.69310792264598
"245",-126.55,49.38,7,2.60152493678653,1.91602973600054
"246",-120.98,53.73,648,1.96690787628489,1.91225541783957
"247",-124.58,53.88,701,1.75773071504544,1.79686685033577
"248",-122.07,54.12,625,1.99664116226718,1.80075618690341
"249",-127.68,52.35,5,2.6786655275347,2.16027282380827
"250",-129.68,53.05,8,2.5502739832753,2.09913984563056
"251",-114.92,52.43,988,1.23686791830956,2.01066286488587
"252",-115.3,52.25,1173,1.43515566873413,2.04516416993338
"253",-116.05,52.5,1320,1.42604498161778,2.02731559187119
"254",-115.78,54.15,783,1.40618190028577,1.99367980727457
"255",-116.63,54.12,1003,1.53438636382714,2.06800144704841
"256",-114.68,54.13,671,1.36682436850499,1.96520315006107
"257",-112.23,54.02,610,1.22742404476251,1.90001560342077
"258",-113.28,54.72,518,1.38160453582096,1.8836899466378
"259",-117.75,54.42,884,1.66626427449882,2.0505362461733
"260",-119.2,54.93,762,1.6029052786253,1.89630945870651
"261",-118.07,54.93,610,1.59281312291103,1.84082563749421
"262",-124.25,54.45,686,1.70331287731333,1.68890901762055
"263",-127.18,54.82,523,1.74585519517373,1.66197823466516
"264",-125.97,53.77,861,1.65601801103617,1.61431258132418
"265",-126.22,53.82,863,1.66712594148599,1.60742821408587
"266",-125.47,54.45,713,1.76836831149565,1.60172512309873
"267",-126.83,54.65,683,1.61623541313367,1.74280478981465
"268",-126.17,54.82,722,1.77326243889398,1.6829643463653
"269",-128.58,54.47,217,2.21637644919443,1.72732133811297
"270",-128.65,53.98,6,2.46988513088045,1.85536862894593
"271",-129.37,54.3,15,2.41482257205437,1.78611183792141
"272",-112.93,40.2,1326,0.786206829863745,2.28662426399803
"273",-114.85,31.03,17,0.909113459800461,0.590087606182468
"274",-116.6,31.9,8,1.7046935014559,0.216584960499425
"275",-116.7,32,281,1.7618449275409,0.0572401864007046
"276",-116.1,31.6,1115,1.69505110724819,1.30148854686169
"277",-115,29.9,552,1.23643419077879,0.55029693957366
"278",-114.7,29.7,510,1.06564022539777,0.565390380585664
"279",-116.3,31.3,110,1.65926522868266,0.117909886218422
"280",-114.2,28.9,217,1.21395677240789,0.459842933406052
"281",-116.1,32.6,1232,1.41416731089838,0.94562097450496
"282",-115.2,32.1,6,0.827177936378293,0.539320428894149
"283",-113.55,31.32,4,0.835458699495335,0.489118178369052
"284",-112.9,31.9,350,1.22912003922637,1.49076609627611
"285",-110.83,30.8,840,1.32114000558093,2.1126867852554
"286",-111.7,29.8,30,1.1945666192539,1.45754192425339
"287",-110.18,29.72,400,1.30260117550499,1.91199958540026
"288",-109.8,30.05,770,1.37790899987422,2.0609386540416
"289",-118.32,29.17,23,1.02316504310937,0.243587514380265
"290",-110.97,29.07,211,1.21905116580239,1.86140206460428
"291",-109.68,29.18,366,1.5243216162993,2.25479261400555
"292",-107.8,29,1857,1.36325144233031,2.14146776306408
"293",-109.2,29.1,460,1.45052112422978,2.08562612958527
"294",-107.6,27.8,2345,1.68183521206742,2.25137438841297
"295",-106.1,28.6,1435,0.899656867337288,1.95383993520507
"296",-105.5,28.2,1170,0.903288993992624,1.8148836089371
"297",-100.52,28.7,250,1.25205615739379,1.69885977743924
"298",-101.2,27.9,370,0.940212111920206,1.53882687054941
"299",-112.5,26.3,70,1.23132974601237,0.77032486390086
"300",-112.9,27.3,95,1.08591151930204,0.949659353862663
"301",-112.7,26.5,138,1.16124693295246,0.782767196060652
"302",-114.9,27.7,36,1.203841862982,0.51668411219976
"303",-113.1,28.1,270,1.32866196850157,0.341343291503561
"304",-113.6,28.9,4,0.92759650062939,0.347159495035846
"305",-112.9,28.3,50,0.876578889653627,0.828991709424311
"306",-110.9,27.92,11,1.248152282644,1.62932550439201
"307",-109.6,28.4,160,1.54486088987828,2.14751639024087
"308",-109.3,27.5,521,1.52490128055551,2.27734435926321
"309",-109.82,27.17,20,1.15980108244501,1.39599678937213
"310",-109.2,28.4,1020,1.79209247435323,2.31119828313873
"311",-108.6,26.4,84,1.4695208151842,2.32298175718425
"312",-108,25.9,200,1.50414909458519,2.41638802997867
"313",-107.7,27,556,1.62435844118237,2.21137425359885
"314",-108.5,27.4,700,1.61772359862,2.4045646121393
"315",-105.4,27.6,1300,0.934068723339392,1.85230991560722
"316",-106.4,27,1700,1.08736000053351,2.11586128064192
"317",-102.1,27,735,0.970494247859286,1.36755310853804
"318",-101.6,27.1,495,1.15897218590089,1.40875570968588
"319",-105.78,25.35,1967,1.20625138395403,2.03243834422062
"320",-106,25.9,2200,1.34979433723077,2.14703137816992
"321",-104.6,25.2,1340,0.935953450101781,1.9514722029811
"322",-103.4,25.6,1124,1.00127510255179,1.54894190137909
"323",-104.3,25.6,1600,0.720221889125177,1.78129280612208
"324",-100.98,25.45,1790,1.22003797979807,1.85553371722989
"325",-100.98,25.45,1789,1.06060703104225,1.66475016857916
"326",-102.2,25.5,1500,1.20061538410732,1.88292148083766
"327",-101,25.6,1399,1.07109619191759,1.56160484831381
"328",-100.3,25.7,560,1.26488107307519,1.71879559999373
"329",-99.2,25.8,125,1.29550352797086,1.66077037135669
"330",-99.8,25.2,425,1.40260929091876,1.78060063920688
"331",-100.2,25.4,445,1.38790268928477,1.99195918012037
"332",-107.6,25.4,230,1.54835314909812,2.42380233203449
"333",-107.9,25.5,60,1.34221356765529,2.27858832622939
"334",-108.1,25.5,50,1.24796652732846,2.26075219947434
"335",-98.8,25,165,1.52114838736142,1.56187774548543
"336",-78.97,26.7,2,1.81746985451969,2.14896115284015
"337",-78.37,26.62,6,1.76961808834413,2.12265842085818
"338",-76.95,26.53,7,1.48546153425787,1.78227109454347
"339",-77.05,26.53,3,1.75668897099815,2.20351474544803
"340",-77.55,25,8,1.56032665514853,2.26388688682554
"341",-77.53,25.03,2,1.65541879647581,2.2502561817507
"342",-76.48,25.35,9,1.82835385880126,1.91667606061256
"343",-76.68,25.47,2,1.63008217350562,2.09924444055918
"344",-81.39,25.86,2,1.63120426664567,2.31252969410232
"345",-80.64,26.65,5,1.76603612757298,2.29324943627354
"346",-81.67,30.23,9,1.85487667113195,2.18040625368184
"347",-81.42,30.4,5,1.8100747154461,2.10530055371519
"348",-81.13,32.02,17,1.86112581337319,2.26659034989264
"349",-82.09,29.2,23,1.88991168783347,2.28057281278482
"350",-82.6,30.19,59,2.00812851766876,2.24284730349602
"351",-84.66,30.8,58,2.08915624095122,2.21381317639308
"352",-84.79,33.44,281,2.10730148405723,2.09079106041546
"353",-84.14,31.54,55,2.10174093841362,2.18125438067264
"354",-83.7,32.7,110,2.02072453036279,2.08090386732461
"355",-81.97,33.37,45,1.98166530380918,2.05203654351511
"356",-85.04,29.74,6,2.0111473607758,2.26416798301306
"357",-88.6,31.2,110,2.07891669576182,2.23276229679461
"358",-86.4,32.3,64,2.04292670703786,2.10613857262698
"359",-86.98,32.33,50,1.87017637376068,2.05363237919382
"360",-84.02,34.55,415,2.21509799483067,2.13934375615238
"361",-87.25,32.9,139,2.13958047758911,2.0603558159757
"362",-89.4,29.33,0,2.11105676222424,2.19939051377256
"363",-90.79,29.77,5,2.13290548070119,2.33502918574272
"364",-91.14,30.54,20,2.11625185239913,2.19041017908062
"365",-90.08,32.32,90,2.11354002325974,2.07152257560464
"366",-91.24,31.95,24,2.14661642353568,2.0048484284563
"367",-90.39,32.91,33,2.14171286853376,2.03018288831183
"368",-93.3,31.2,240,2.067074387353,2.11132714009613
"369",-94.87,29.27,8,1.8727289445,1.81465302038318
"370",-96.41,30.17,95,1.88564387183576,1.74471922547066
"371",-94.35,32.54,107,2.00414473296597,1.88418877569462
"372",-97.82,32.77,325,1.62446626719753,1.72738730271255
"373",-97.4,25.9,6,1.5308889765188,1.63543107436039
"374",-98.23,26.18,30,1.49856864190984,1.59517985107566
"375",-99.47,27.53,153,1.25695549999915,1.28989986545492
"376",-97.7,28.45,78,1.67092041557137,1.79120621704895
"377",-98.7,27.3,181,1.4494885032906,1.50185418399088
"378",-99.22,28.45,141,1.27288384249329,1.36422480823261
"379",-98.28,29.53,231,1.60460331687641,1.44092571566617
"380",-97.67,30.2,155,1.64179692795377,1.45101352189821
"381",-97.9,29.9,184,1.68005352341326,1.68147554448867
"382",-97.83,31.07,312,1.49013970204591,1.34930929951346
"383",-96.39,34.02,201,1.71248519514566,1.85007788076412
"384",-98.18,32.22,398,1.53335942235052,1.42648160787605
"385",-100.92,29.37,312,1.13307558510904,1.56360831667849
"386",-100.78,29.37,327,1.09371460054161,1.49217782865236
"387",-104.27,32.33,986,1.00227096204505,1.63172508844262
"388",-100.5,31.37,579,1.35195677479776,1.49173473764218
"389",-100.4,31.4,573,1.08562706120231,1.37597856322169
"390",-103.67,30.37,1366,1.12671570368574,1.86676638333372
"391",-103.75,30.99,982,1.13663788289395,1.62071086041379
"392",-101.52,32.22,781,1.1402821536312,1.60284719780724
"393",-101.9,32.7,901,1.13360242689611,1.76589238016743
"394",-101.7,34.19,1028,1.20361559806671,1.79052785849389
"395",-103.4,32.7,1158,0.899829231622867,1.69588528302936
"396",-106.75,32.29,1184,1.08423146292463,1.56486187755286
"397",-106.41,31.8,1195,1.01528489124846,1.59572984572929
"398",-107.27,33.23,1471,0.90589521562567,1.57069828234195
"399",-108.16,32.8,1873,1.35843117194984,1.94840268377568
"400",-109.54,31.36,1232,1.31584829589075,1.9460412548264
"401",-109.69,32.82,901,1.25601293161423,1.62610571709682
"402",-112,33.5,337,1.32588662359954,1.37878910691634
"403",-112.37,33.55,331,1.30678919963571,1.14996424205823
"404",-112.5,34.3,1147,1.61359348919361,1.75298669037733
"405",-117.25,33.9,462,1.76373744165619,0.431327529725441
"406",-117.19,34.05,402,1.8472971719769,0.53424345301961
"407",-117,34.1,899,2.04572449137389,0.65642258677579
"408",-116.5,33.8,106,1.44972030162186,0.770670726096621
"409",-118.58,33.02,52,1.54058225807265,0.17979322758353
"410",-118.4,33.93,33,1.84633047312891,0.229466700725493
"411",-79.89,34.71,43,2.00893664941588,2.13151021741697
"412",-77.95,35.71,34,1.97710274102027,2.10131377669422
"413",-78.32,36.11,79,1.97757502583272,2.08934817302696
"414",-77.6,36.4,25,1.95716413759018,2.09405043674356
"415",-81.12,33.95,74,2.03261876085072,2.15159849897896
"416",-81.42,34.21,217,2.05441468253956,2.09624779412858
"417",-81.69,35.76,354,2.01204591963007,2.03075196895597
"418",-82.4,36.48,474,1.93267825437968,2.05994930574955
"419",-81.1,36.9,790,1.81121107241345,2.0398127489225
"420",-87.62,34.76,163,2.09954814427208,2.04803845847791
"421",-85.14,36.02,552,2.1533520234273,2.11596633959028
"422",-86.53,36,163,1.99208560857272,1.92201653461115
"423",-87.39,36.07,238,2.05794444342083,2.05037777841961
"424",-89.95,35.97,80,1.98650188335871,1.89585788801292
"425",-90.93,36.13,83,2.0247655643462,1.83373430517237
"426",-90.57,34.21,53,2.08735628162725,2.01542778547741
"427",-89.99,34.3,67,2.0801911957223,2.01918400483229
"428",-92.27,34.83,171,1.89099887182786,1.84538167099624
"429",-95.52,34.01,174,1.81253053385391,1.89974191444526
"430",-94.17,36,381,1.73102772577085,1.81551213468993
"431",-91.5,37.6,1120,1.67702274036282,1.96781654793409
"432",-100.28,34.43,594,1.22296453270384,1.58370200454285
"433",-97.91,35.86,336,1.4283373095288,1.79421768003427
"434",-95.59,36.32,179,1.63408483156567,1.94818044754126
"435",-96.35,36.67,255,1.54072264705763,1.96967885434238
"436",-103.16,36.46,1516,0.915221610935952,1.82439490974434
"437",-102.25,35.54,973,1.14143857432668,1.84124429101625
"438",-106.6,35.1,1620,1.03173903815299,1.58029319792051
"439",-105.15,35.65,2093,0.910995401297822,1.91460296571211
"440",-106.8,36,2484,1.64099071149474,1.94086742044633
"441",-114.22,34.22,125,1.27177517762178,0.89426521222134
"442",-114.62,34.77,279,1.20546537275972,0.974271291819098
"443",-111.6,36.87,979,1.08939038197161,1.35022600580926
"444",-110.7,35,1492,1.09266561322942,1.49641949866626
"445",-117.38,34.58,869,1.17177572765986,0.502263181285053
"446",-119,36.1,119,1.71212744518129,0.15338979649475
"447",-119.4,35.1,205,1.4331983618194,0.020154031638333
"448",-115.2,36.1,664,1.13739306853634,1.06337378073088
"449",-115.03,36.25,573,0.994112758788738,0.983397386554878
"450",-120.69,35.64,214,1.92216916935322,0.156215502778932
"451",-120.45,34.9,82,1.79256828383201,0.167697378363332
"452",-120.3,34.8,172,1.87588681756633,0.0433622780211295
"453",-77.3,37.3,12,1.96560528899899,2.09917964267291
"454",-78.3,37.71,69,1.87459062913386,2.01405696529917
"455",-75.43,37.93,15,1.86848966822088,2.0041151673963
"456",-78.12,38.22,159,1.87155208757612,2.04601638247236
"457",-77.72,39.12,153,1.88257839290771,2.00499069449005
"458",-77.99,39.41,164,1.80480328292591,1.95736901679179
"459",-77.38,39.42,94,1.74351593801068,1.95953394496223
"460",-77.03,38.33,6,1.86294923512937,1.85804350279754
"461",-76.07,38.57,2,1.94760106625228,2.05557892600818
"462",-74.58,39.45,20,1.84747824771157,1.92130284770277
"463",-75.2,40,9,1.9073547932977,2.02870260972136
"464",-74.97,39.97,14,1.94286132773682,2.08086284702484
"465",-81.6,38.4,310,1.90221323837107,2.13112788717528
"466",-84.5,39.1,267,1.89570210436135,2.0004081415403
"467",-85.69,38.37,160,1.92686042443252,2.05577135490932
"468",-82.9,40,254,1.84125355553895,2.04108887648413
"469",-82.93,39.82,230,1.81368492936621,2.01466968547134
"470",-84.2,40.3,285,1.75368370969874,2.00656260123359
"471",-87.5,38.1,116,1.89609357295921,2.00810861032641
"472",-90.2,38.6,172,1.72445232497503,1.97990541252638
"473",-94.04,38.21,244,1.60739757305493,1.99612020714271
"474",-95.12,39.57,288,1.40701215496291,2.06331405211211
"475",-94.69,40.26,338,1.3682005222585,2.08326633982462
"476",-100,37.8,790,1.13541156754706,1.88637790675857
"477",-99.97,38.26,692,1.17050269034979,1.92337036348315
"478",-96.77,39.05,324,1.3327621361603,2.04979285570899
"479",-96.59,39.21,325,1.31967106299494,2.02372624647087
"480",-106.14,38.09,2346,0.889118486786004,1.59245671021264
"481",-104.8,36.7,1951,0.739576964121684,1.88078740833363
"482",-104.5,38.3,1428,0.960142865941073,1.69700699164269
"483",-101.8,39.77,1025,1.08522684916163,1.84491562597829
"484",-102.24,40.07,1078,1.0703009495249,1.86117448848282
"485",-105.24,38.42,1626,1.08280502337026,1.67219770350042
"486",-104.9,39.72,1645,1.14228056045025,1.72904755207551
"487",-105.27,40.01,1673,1.24956941464737,1.68342171305896
"488",-110.72,38.37,1314,1.04191408943684,1.08661902569772
"489",-111.64,39.26,1751,1.44034674289316,1.29224954148437
"490",-112.52,39.38,1452,1.13827993226971,0.8889074009104
"491",-109.55,38.59,1226,1.20698063403523,1.30216456501775
"492",-108.75,39.17,1366,1.25008003210267,1.2487974717237
"493",-108.1,38.8,1542,1.00493294377277,1.25427005371371
"494",-118.2,36.8,1205,1.49362438190689,0.667168698278164
"495",-117.08,38.07,1654,0.976672719795476,1.11982107224238
"496",-120.52,37.29,47,1.80559321650069,0.176318373234322
"497",-119.8,38,1179,2.17980855993313,0.729064979033215
"498",-120.4,38,533,2.17799083144179,0.366902432613677
"499",-121.5,38.2,5,1.88622394282612,0.219116540102866
"500",-114.9,39.3,1909,1.26846996081943,1.25875513140466
"501",-113.57,37.12,845,1.44463566855005,1.19094433080971
"502",-118.79,39.46,1209,1.14988961717085,0.693684365851985
"503",-120.57,40.39,1265,1.8336850933315,0.879882739564685
"504",-73.1,40.78,25,1.95890516930517,1.85765703891154
"505",-74.69,41.39,143,1.91617829247183,2.00795764583324
"506",-71.44,41.74,16,2.00480484842434,1.88176131992794
"507",-73.41,42.19,223,1.91970139352537,2.01271383126057
"508",-75.73,41.33,292,1.77473857859594,1.95671501951737
"509",-78.32,40.3,450,1.77045785016394,1.95287987513302
"510",-75.99,42.22,488,1.80752294805879,1.95757037801861
"511",-76.42,41.76,229,1.73294002546322,1.91636676494104
"512",-76.8,42.11,257,1.71238730945608,1.94537793447126
"513",-73.69,42.76,7,1.78266454360107,1.96391842005634
"514",-77.94,43.21,163,1.58214528232128,1.79695910510387
"515",-88.35,41.76,195,1.64373459436814,2.04340121867153
"516",-84.47,42.27,306,1.56153460607013,1.92850331655249
"517",-92.55,40.1,294,1.53222851397099,1.96830558791624
"518",-89.1,42.2,223,1.56314540112382,2.02309083902374
"519",-91.12,40.78,210,1.55626996364682,1.97614909091844
"520",-91.6,42,257,1.47043555810689,2.04161713894353
"521",-93.25,42.52,345,1.38033922058989,2.05102616669319
"522",-92.4,42.55,265,1.31129042063606,2.0976632337443
"523",-95.9,41.3,406,1.27033910752781,1.94929226014604
"524",-96.7,40.8,362,1.23857863433793,1.92180137218797
"525",-99.37,40.44,708,1.16332113800388,1.96170044060084
"526",-96.22,41.77,317,1.25563425554043,1.93435623963666
"527",-95.9,41.12,314,1.30873321419876,1.9940746259484
"528",-96.4,42.4,334,1.23072395294971,1.93527467036334
"529",-96.1,42,317,1.23087719893213,1.95793774930188
"530",-104.22,42.09,1250,0.904657594274671,1.65919080040862
"531",-100.6,42.9,792,0.886048132031599,1.87044980893428
"532",-106.47,42.92,1622,1.13608057634568,1.50880931770315
"533",-110.95,41.27,2082,1.28666302671241,1.31192932894955
"534",-108.7,42.8,1696,1.0935833031565,1.27942123287817
"535",-112.6,42.92,1360,1.44013372906855,1.17838361848362
"536",-112.68,43.83,1461,1.181017512789,1.01856459431159
"537",-111.45,44.07,1604,1.76138446612948,1.36786007017224
"538",-112.22,44.17,1564,1.26166160933279,1.17844146207223
"539",-114.04,40.74,1292,0.956921736887029,0.859065663655707
"540",-117.8,40.91,1311,1.37425722927576,0.80801361006008
"541",-118.55,40.07,1188,1.13850204060122,0.72525216689835
"542",-116.89,40.62,1385,1.32255224439004,0.909878837781595
"543",-122.3,40.2,105,2.03863705688579,0.419849724491304
"544",-122.3,39.52,71,1.99449452267151,0.265491670284992
"545",-122.3,40.51,153,2.28656071614029,0.624907960072529
"546",-124.17,40.8,13,2.24171098187387,0.634254791991618
"547",-123.79,39.51,37,2.29604510615037,0.554000058516544
"548",-122.9,42.4,399,1.8598954228268,0.882323084381355
"549",-123.37,41.8,342,2.43646852537887,0.890891856775349
"550",-121.73,42.15,1246,1.64029406026336,0.56082043816605
"551",-123.35,42.44,282,2.17126415483424,0.899894317347788
"552",-71.5,43.2,104,1.84799004935387,1.94106016192108
"553",-73.22,43.96,149,1.74117127475927,1.94323188386558
"554",-73.47,44.66,50,1.69427362430123,1.88452895059356
"555",-73.47,44.65,72,1.63400698407413,1.82493256709594
"556",-68.7,45.66,110,1.89953858369921,2.00616787975281
"557",-68.68,45.65,124,1.79011203082026,1.98953730789009
"558",-86.4,43.9,210,1.74198650875959,1.75744971572674
"559",-83.75,42.97,234,1.63047481478497,1.90661679830523
"560",-84.68,44.37,350,1.57422229939451,1.80568984811804
"561",-83.5,44.29,179,1.64979548462111,1.86112806770025
"562",-87.77,42.71,181,1.67234414183722,1.98101632031547
"563",-89.54,44.12,328,1.38092155921453,1.99452094537944
"564",-91.3,43.9,198,1.38480418694275,1.98775290676745
"565",-90.74,44.41,291,1.37662482170492,2.00811541771691
"566",-93.5,44.1,1150,1.36105327926846,2.01239716050794
"567",-88.1,44.5,208,1.48726893800405,1.93934258055937
"568",-88.45,43.8,232,1.4395300555614,1.97088902022454
"569",-86.72,45.67,227,1.58868691054281,1.90214484084763
"570",-96.32,44.02,520,1.15306317863302,1.91197171776974
"571",-99.07,44.07,525,0.927352028707332,1.79587391867606
"572",-98.41,46.16,438,1.23517661247042,1.85341091813839
"573",-104.2,44.94,1089,0.949248285333215,1.65307943176619
"574",-102.87,46.55,805,0.998213994979369,1.73486867365926
"575",-105.5,44.3,1389,1.15821815265594,1.55901834288239
"576",-109.1,44.5,1521,0.979994592549304,1.41182180473787
"577",-107.97,43.97,1271,0.89618002717213,1.12385146858674
"578",-107.97,44.02,1238,0.855389341145266,1.20067928927244
"579",-111.3,42.12,1807,1.30106877022603,1.2698089383615
"580",-108.25,45.92,912,1.15602020311216,1.47905413455435
"581",-108.32,46.86,957,1.1476763242411,1.54710056207202
"582",-108.1,46,914,1.17445142055446,1.38025308426428
"583",-116.2,43.6,871,1.57135042907995,0.923795187353449
"584",-117.34,42.94,1289,1.55636398031992,1.02795959441807
"585",-116.94,44.09,656,1.60547423867859,0.843393417811197
"586",-116.69,44.57,808,1.92044037119733,0.990826535103819
"587",-119.5,44.5,720,1.55179894658519,1.04984506550267
"588",-120.19,45.24,873,1.63019766257395,1.12434808395852
"589",-123.22,44.12,111,2.28949714245926,1.06571881195508
"590",-124.25,43.42,2,2.42184945105307,1.06960083221977
"591",-123.1,44.6,64,2.17470554174409,0.913112506382092
"592",-123.1,45.54,55,2.29967070040126,1.06207525630602
"593",-121.15,45.62,73,1.83348038191372,0.467429038704159
"594",-121.52,45.69,153,2.15253404010807,0.846655118280087
"595",-87.4,46.6,224,1.67937472454969,1.84930848987866
"596",-88.62,46.05,476,1.46490131323467,2.0072056818131
"597",-86.92,46.34,265,1.69774294162632,1.95759715758602
"598",-92.85,47.38,410,1.24051946753378,1.99951481240051
"599",-94.12,46.67,381,1.37994970580493,2.00704940629357
"600",-95.74,48.86,319,1.20409705206413,1.94036268262187
"601",-97.4,47.97,276,1.25169029729214,1.82570065690597
"602",-98.9,48.1,450,1.19831336356339,1.8010433637188
"603",-100.8,46.8,506,1.1303832579238,1.80169915562979
"604",-100.67,46.05,511,0.909620205949698,1.71565551783457
"605",-101.35,48.42,497,1.24990054754806,1.69891793281955
"606",-104.35,47.46,605,1.01600305502293,1.74167616682762
"607",-104.5,48.1,585,1.06079536940094,1.6718804788417
"608",-106.91,47.32,790,1.08904677177822,1.63523955723905
"609",-107.74,48.41,685,1.0982975364947,1.61971170724047
"610",-112,46.61,1168,1.14945005894208,1.47766504896815
"611",-114.1,46.9,972,1.47627411157788,1.37806789630311
"612",-113.15,46.67,1201,1.3712805552451,1.28925196419241
"613",-112.39,47.49,1241,1.14487430745934,1.55133419293986
"614",-109.24,48.59,714,1.18043310828596,1.60556097371154
"615",-114.27,48.3,904,1.58957064448722,1.48026936467018
"616",-113,48.6,1327,1.42374721862269,1.59215650308502
"617",-120.53,46.57,325,1.49428306450656,0.738463439461952
"618",-117.02,46.39,438,1.51071252977741,1.2138622721647
"619",-116.3,46.51,303,1.90258560240273,1.35381923258689
"620",-116.3,48.7,538,1.92855813546009,1.37341930061952
"621",-118.42,45.96,296,1.66788636391619,1.07695711780326
"622",-118.29,46.11,356,1.73092576108337,1.18252441017843
"623",-118.9,48.8,823,1.47845503883359,1.43797147902319
"624",-119.5,48.4,375,1.53292071405779,1.10347510113066
"625",-123.89,46.16,2,2.4428967289617,1.43201648151735
"626",-112.93,40.18,1329,1.14774501890779,1.00363015393244
"627",-123.1,48.1,32,1.77900625634063,1.13828113123277
"628",-76.02,44,96,1.78976693729906,1.73292382081253
"629",-75.12,44.57,134,1.75094896753118,1.95707465536643
"630",-114.5,42.6,1124,1.47654817001272,0.897630502452287
"631",-104.95,42.12,1415,0.819097190955432,1.61951234039812
"632",-101.62,40.52,998,0.73774669564166,1.84421505206224
"633",-73.6,40.73,38,1.83464824447609,1.92525406766582
"634",-72.53,42.2,75,1.85367049052377,1.89297601400407
"635",-70.19,42.05,6,1.96225268594368,1.7850826331986
"636",-122.52,38.07,4,2.23725260151625,0.199990712496186
"637",-109.55,37.29,1316,1.29859944387304,1.2941528273043
"638",-101.8,38.5,1109,1.00006640532523,1.79940156933728
"639",-105.09,40.59,1526,1.06425737586655,1.62882103647708
"640",-84.05,39.82,250,1.84093509409206,1.8952521867944
"641",-116.87,36.47,-59,0.956699992241024,0.626755756401181
"642",-106.89,34.09,1398,0.978368884913953,1.58057180116957
"643",-108,36.84,1721,1.36609594582201,1.40015758712327
"644",-108,36.7,1757,1.19522704186908,1.43818304536558
"645",-108.7,35.8,1957,1.14155260632287,1.57183270399349
"646",-98.32,36.12,369,1.31646460233101,1.78919123184055
"647",-99.77,36.3,667,1.11991457829542,1.5830784600152
"648",-99.62,36.84,547,1.16038276996515,1.85622564135194
"649",-97.9,36.33,393,1.23993586694879,1.7526029815023
"650",-78.02,34.01,6,2.0419563380367,2.20405011137829
"651",-119.95,36.33,73,1.52319366540683,0.156627743930726
"652",-116.17,33.63,-34,1.01117853032248,0.475319648928933
"653",-103.6,35.18,1234,0.880427714166073,1.88926139959484
"654",-106.1,32.85,1241,1.00524963669786,1.49316505540845
"655",-92.55,31.32,27,2.07547528868087,2.06296947907167
"656",-88.45,33.65,68,2.05905891866596,2.18677478446691
"657",-85.58,30.07,7,1.91802397268244,2.24394129021669
"658",-87.35,30.48,28,1.96800668911303,2.13994901981747
"659",-82.52,27.85,8,1.76526721159214,2.24468483095857
"660",-80.35,33.94,54,2.00716841367707,2.130078729334
"661",-80.5,33.6,23,1.96501754224037,2.09664605525473
"662",-80.6,28.23,3,1.75651450544527,1.99712596712967
"663",-81.85,27.9,38,1.80432620982092,2.33339147543622
"664",-64.8,32.3,19,2.09231788367747,1.97170305234873
"665",-86.3431,33.285,127.4,2.11428076289239,2.01234813856816
"666",-87.55,31.6167,15.2,2.13251637256714,2.05846436820804
"667",-88.1283,31.7556,14,2.13540167397205,2.0582231542349
"668",-86.7828,32.3236,44.5,2.11568015344784,2.10428032389598
"669",-88.0281,32.2258,25.9,2.1358914498546,2.13101544836817
"670",-86.9864,31.8811,80.8,2.15163899364736,2.09844553916225
"671",-113.5778,34.2281,393.2,1.38638480602526,1.15479085621607
"672",-113.9425,36.8969,571.5,1.3494689513054,1.09511471968378
"673",-113.4981,32.9711,158.5,1.20329738175964,0.925844411038918
"674",-109.5394,31.345,1231.4,1.27572280295882,1.90109006140104
"675",-111.5186,32.7819,470.9,1.38843652545877,1.30188398696939
"676",-110.9978,31.8931,883.9,1.2965859580112,1.91757429697426
"677",-110.9125,33.0483,557.8,1.56217414751967,1.58151345743712
"678",-114.3603,34.5031,136.9,1.28019636475752,0.601819193899753
"679",-111.6022,36.8644,978.4,1.00722874239524,1.32227292508292
"680",-109.6686,31.6017,1271,1.28095294395101,1.75153096823619
"681",-110.12,36.9853,1676.7,0.770101488340372,1.09099274686384
"682",-111.4483,36.9208,1301.5,1.22820013096699,1.15447207734765
"683",-113.9192,32.7225,98.8,1.07526029893523,0.971627340927582
"684",-109.09,36.9233,1612.4,1.27072596632117,1.33846776747681
"685",-114.3289,36.03,390.1,1.25363349089644,1.19340463241624
"686",-111.0497,31.5678,995.8,1.46668412578939,2.00295007161836
"687",-111.3703,35.5247,1496,1.18747501475976,1.46308958963731
"688",-112.3014,33.595,345.9,1.37532409553155,1.29994410323149
"689",-93.0589,34.1433,59.7,1.94025720336826,2.00343142317962
"690",-91.7944,35.8306,174,1.89904865934111,1.96460542467684
"691",-91.1039,36.1067,73.2,1.98804788097695,2.02050623612093
"692",-89.9044,35.9239,76.8,1.9587261090589,1.97326392804247
"693",-92.8236,33.59,35.4,1.98949594976045,1.97414974998881
"694",-93.3947,35.0375,114.3,1.90455377784246,1.90286537062219
"695",-91.5317,33.8847,49.7,2.0010461236946,1.8893923976432
"696",-92.1236,33.0597,18.3,2.09949527687698,2.07010182653683
"697",-92.7147,35.9914,189,1.8621435254254,1.89813226416021
"698",-92.9158,36.4194,253,1.80918593152806,1.93233967579379
"699",-92.7672,35.1581,103.6,1.92860404198171,1.92358533644369
"700",-92.8267,33.9153,51.8,1.9478978627449,1.99871042623787
"701",-120.5528,41.4931,1341.1,1.51091807414003,0.789425283756537
"702",-119.4731,35.4047,82,1.5186547311409,0.113600207085998
"703",-123.1392,41.1417,704.1,2.15230153557422,1.05906663548367
"704",-123.0175,38.8,100.6,2.29939652828536,0.169223146620678
"705",-119.5817,36.0975,61,1.5911437259232,0.0654691472844301
"706",-123.2444,39.8158,430.7,2.27603171184629,0.28442647464321
"707",-116.8669,36.4622,-59.1,0.965423857476044,0.431657231104553
"708",-120.0828,39.9717,1338.1,1.64638264513494,0.916056436363767
"709",-120.1561,36.3642,86.9,1.7112805155513,0.0631339761798601
"710",-123.7567,39.5092,37.5,2.26769327573141,0.539512083395333
"711",-118.2036,36.7981,1204,1.40599947928969,0.538682754899058
"712",-120.0878,36.0725,154.8,1.56167116838615,0.0998583925531892
"713",-116.0767,33.5714,-54.9,1.0958009821511,0.544147611032568
"714",-117.395,33.2097,3,1.7115299083594,0.108499361940801
"715",-120.6831,35.1597,11.9,1.87545631664672,0.182696873770855
"716",-121.1611,38.6944,89.9,1.99098850122797,0.107755625274791
"717",-123.7931,40.0261,153.3,2.47703610777547,0.292464433223779
"718",-117.3881,33.9511,256,1.69348354384243,0.279407708595571
"719",-117.3614,33.9669,300.5,1.74862825662241,0.248585446964517
"720",-119.6844,34.4167,1.5,2.00607132750333,0.150079876056326
"721",-120.4333,40.8667,1615.4,1.47181629000102,0.893977191598105
"722",-121.5828,37.7967,18.6,1.79641207955966,0.159873950969562
"723",-116.0369,34.1281,602,1.12665191911937,0.986807667477005
"724",-123.2103,39.1467,193.9,2.24082733283508,0.182510738701383
"725",-104.8361,39.9436,1528.9,1.04076177942133,1.54564223740288
"726",-106.1444,37.7067,2338.7,0.707827698418688,1.40602051047387
"727",-105.0236,40.5756,1499.6,1.05337182346477,1.48984994721905
"728",-104.7014,38.6778,1694.7,0.954361871091313,1.92183248882921
"729",-108.7331,39.1653,1373.1,1.20918363279441,1.21580342620009
"730",-104.6992,40.4022,1437.1,1.09006474174978,1.59954769969947
"731",-107.2547,40.4928,1971.1,1.60614174727285,1.51856571733673
"732",-102.1236,38.0494,1033.3,0.836797016149678,1.83884383441205
"733",-105.1206,39.7489,1719.1,1.10882713026265,1.63941482568637
"734",-107.8792,38.4858,1764.5,1.10905744472578,1.3495013453951
"735",-108.7717,40.0894,1610.9,1.18182116045003,1.31353023041417
"736",-106.1444,38.0858,2347.3,0.786325756078653,1.52747013045567
"737",-103.9167,37.6667,1472.2,1.22034628973515,1.64541785642834
"738",-104.7956,37.6303,1920.2,1.30869222073497,1.69819859452256
"739",-71.9031,41.9442,112.8,1.99139148064891,2.03720101231776
"740",-80.6711,26.6928,6.1,1.7176391526181,2.25867224522608
"741",-81.5136,27.3697,25.9,1.67042570724074,2.20679424621593
"742",-81.3897,25.8489,1.5,1.60699948128603,2.29299060185023
"743",-81.5389,29.755,1.5,1.84856707611486,2.19252602661964
"744",-80.6539,28.1136,10.7,1.75451418965558,2.15976758330137
"745",-80.3836,25.7553,4.3,1.51644964537563,2.29336842617708
"746",-81.0872,26.84,10.7,1.62892206327846,2.21896055333714
"747",-81.7158,26.1686,1.5,1.68824616394907,2.34828867740217
"748",-81.0331,25.8603,2.4,1.64989419564534,2.28769334874122
"749",-85.6606,30.2492,1.5,2.08856229343082,2.26089803068979
"750",-81.2917,29.8875,3.7,1.86553079055776,2.07343027432647
"751",-81.2778,28.8147,3.7,1.8483580510749,2.28025699885129
"752",-80.8242,25.7608,4.6,1.63037299750836,2.28825852061495
"753",-80.5211,25.0069,2.1,1.69754470154219,1.94578093331534
"754",-80.8158,28.6242,1.5,1.84664251110806,2.24551566075425
"755",-81.7994,27.5478,18.3,1.67828623504502,2.2842939395746
"756",-83.3078,31.9381,73.2,2.09826001331743,1.95963706117802
"757",-84.1489,31.5339,54.9,2.11924854928678,2.17193777099637
"758",-84.5553,31.2239,81.7,2.16454844840451,1.97175758951429
"759",-84.1858,32.6525,135.9,2.03498216916385,2.06595141907473
"760",-84.7925,34.2042,240.5,1.92329128519982,1.9803908309719
"761",-85.2717,34.9,225.6,2.0596846823439,1.94003374688862
"762",-81.85,31.65,24.4,2.00849143106565,2.14419783969014
"763",-81.8333,31.65,24.4,1.97003847180866,2.13606171250863
"764",-84.6453,31.6061,83.2,2.10923449018034,2.15445405862666
"765",-81.2811,31.3972,3,2.00876752832852,2.04846502438754
"766",-82.7058,33.7264,189,2.02235679990306,1.98252784571536
"767",-116.3103,48.6928,632.5,1.80466494419358,1.24876863895495
"768",-115.8017,42.8819,771.1,1.32802161630935,0.604656500313771
"769",-116.6753,44.5733,807.7,1.86448542686935,0.994523276520261
"770",-113.8289,43.9772,1908,0.938348452928965,1.28548793579663
"771",-116.1772,43.0175,731.5,1.23521295275987,0.725063536241541
"772",-116.1175,45.9414,1005.8,1.53612266848579,1.51942273114464
"773",-115.9336,46.0714,710.2,1.64887948168424,1.39588086393987
"774",-111.3139,42.1231,1806.2,1.26542945438387,1.23843305505997
"775",-113.5003,42.6767,1269.2,1.35970130525711,0.833810538918541
"776",-116.315,45.4239,548.6,1.48084951584901,1.37132176583595
"777",-113.9008,45.1875,1198.2,1.13622944310489,1.34394502113423
"778",-116.3783,43.2436,708.7,1.33232274381562,0.83782940915855
"779",-114.4569,42.5808,1118.6,1.35579137431813,0.76974132815096
"780",-89.2344,37.4814,195.1,1.93672724806209,1.91026292296354
"781",-88.9203,38.0336,135.6,1.82815023311866,1.89369954472356
"782",-90.1942,38.5669,121.9,1.80601640954633,2.04752174071717
"783",-88.1805,38.0733,102.1,1.91983686229915,2.03270186462004
"784",-89.5031,40.9153,163.1,1.65920467018441,1.89097459079478
"785",-90.2269,42.3161,205.7,1.42238293251747,1.94312066996088
"786",-90.1544,41.8978,180.4,1.54721868551564,1.91305773463615
"787",-90.0656,40.3031,134.1,1.72357560559344,1.99592370841614
"788",-89.9492,37.9842,115.8,1.76228126738004,1.96826875263713
"789",-89.4061,41.0411,140.2,1.67516671057937,1.94777925840503
"790",-90.1619,38.0886,123.1,1.74599512210162,2.00090927743235
"791",-89.9283,38.1853,131.1,1.7518163217853,1.93872899887534
"792",-88.9858,41.3242,140.2,1.63168142592873,1.97762132362155
"793",-86.6661,40.615,169.5,1.7292579415097,2.04246534702122
"794",-87.0881,41.6317,207.3,1.69646310242622,1.99906959638549
"795",-90.4233,42.2614,183.8,1.4710161372255,1.98145597860927
"796",-91.1164,40.7747,210.3,1.5429513330494,2.06468306394508
"797",-93.3189,42.0169,304.8,1.38330409333691,2.09056114203835
"798",-95.1394,43.4231,432.8,1.05375285788134,1.91251765894868
"799",-95.1108,39.5756,288,1.38153840531454,2.04665959686307
"800",-95.8328,37.5464,265.2,1.51314039107444,1.96600662602359
"801",-98.7803,38.3758,566.9,1.17432787895013,1.91710754040157
"802",-95.9667,38.7833,359.7,1.43667273403724,1.92735750309685
"803",-96.2367,39.0542,313.9,1.28382854852148,2.04610090783936
"804",-98.6944,39.4286,490.7,1.10132214751119,1.92767181093467
"805",-101.9511,37.2294,1075.9,0.915825333694538,1.79119516949496
"806",-101.1664,38.9617,934.2,0.841903113486102,1.8578684507405
"807",-101.8067,39.7675,1024.7,1.04637012094809,1.84914091588056
"808",-97.7736,39.7989,463,1.04966025321955,1.98165371426805
"809",-101.7514,38.8961,1051.6,1.0578886716408,1.93885919041742
"810",-99.2453,39.4453,539.8,1.05950441024778,1.98896350515454
"811",-96.5994,39.2475,322.2,1.09455020856315,2.00146459874484
"812",-95.7247,37.8728,329.2,1.44793059199452,2.06141265007408
"813",-84.2908,37.5733,326.1,1.85527440678134,2.08044743140841
"814",-86.9061,37.8933,120.4,1.88544772930061,1.9926916626215
"815",-85.7917,38.2778,134.1,1.90221373373249,1.93901044098969
"816",-82.7667,37.55,192,1.91966591488558,2.0652141874395
"817",-83.7872,38.6869,157,1.91894374030607,2.06573719616855
"818",-82.7883,37.8175,192,1.87196962783958,2.0327542084598
"819",-91.6911,30.2817,1.5,2.12767683930717,2.07467873752919
"820",-93.4019,29.8894,1.8,2.08899384269549,2.22253421878394
"821",-93.3183,31.9158,36,2.06974989580139,2.00168242197824
"822",-91.7108,29.9592,6.1,2.06714687161882,2.23639830911717
"823",-92.2825,29.9942,4.6,2.1003194743818,2.13396233977458
"824",-93.2494,30.2142,1.5,2.17960165393981,2.19400578028113
"825",-89.9636,30.0306,-1.5,2.16063547100949,2.10784030276531
"826",-91.8839,30.0375,7.3,2.02795887567354,2.25721576067807
"827",-90.0511,29.9508,0.6,2.09705189246618,2.22217570084746
"828",-90.4286,29.7892,1.5,2.08560750119728,2.19687609604974
"829",-93.6381,32.4219,47.2,2.04937366957129,1.93984205843079
"830",-89.83,29.8722,1.5,2.0134118173702,2.21617017994524
"831",-91.2336,31.9497,23.8,2.14136246350945,2.0316374035061
"832",-90.7747,29.7547,4.6,2.14154958704849,2.310378214684
"833",-69.025,47.0886,181.7,1.75294350564748,2.00827310958131
"834",-69.5231,46.6108,304.8,1.7624855943453,2.05029878847914
"835",-68.4333,44.5333,6.1,1.96769535797758,1.86137257146512
"836",-70.8944,44.1569,149.4,1.92231563962391,2.00248303103698
"837",-67.4539,44.72,6.1,2.01190870681699,1.93811415094198
"838",-69.8878,44.7983,79.2,1.8341359273006,1.8995887570099
"839",-68.705,45.6503,109.7,1.85668713778859,2.01993041141035
"840",-68.1667,45.4,134.1,1.94832834693946,1.97537113264203
"841",-69.6544,44.5272,22.3,1.8266045492747,1.94099159964474
"842",-84.4742,43.8797,208.2,1.60675556170575,1.77048700792745
"843",-86.9242,46.3414,265.2,1.63587372872725,1.92025781342026
"844",-85.0142,45.6414,219.8,1.6263592649578,1.75937771983822
"845",-85.1322,45.1519,178.3,1.69474949796659,1.81731857720466
"846",-83.845,43.6156,179.2,1.58858275955923,1.7944395708828
"847",-83.7217,44.4633,221.9,1.61823123616183,1.88901916157479
"848",-83.2808,44.6819,178.3,1.53813575712993,1.9577962778737
"849",-86.205,42.7989,188.1,1.79378830239751,1.91786948970471
"850",-85.5161,44.9214,199.9,1.5414729812281,1.78598253931107
"851",-89.2075,46.8342,240.8,1.86703132879124,1.89707554011786
"852",-83.9561,43.4122,182.9,1.65341570014067,1.87604939279378
"853",-84.5542,43.0114,226.5,1.64926002690166,1.85300391304437
"854",-88.6275,46.0556,442,1.41204074475153,1.99756578994818
"855",-85.0728,46.1989,265.5,1.65740744668278,1.81584898375528
"856",-84.9789,46.7531,184.4,1.75126971602083,1.90185803233729
"857",-96.8278,45.5939,303.9,1.3209678327476,1.92897965609285
"858",-93.5833,44.8,219.5,1.34259227724173,2.01691386749432
"859",-90.3578,47.7517,186.5,1.31605083420351,1.87508530550388
"860",-95.5517,44.8136,304.8,1.28778358984846,1.87529593635586
"861",-94.3608,46.4119,370.3,1.23796467948434,1.97437325029587
"862",-93.8992,48.6236,333.8,1.24167318348792,1.9980731264459
"863",-92.6444,48.5011,342,1.24217952938644,1.933129648433
"864",-95.9572,43.9981,502.9,1.19219819804668,1.8855299677316
"865",-93.7214,48.3681,365.8,1.2487970634066,1.8554856534646
"866",-95.9675,47.3172,368.5,1.31675912290737,1.91079584305918
"867",-95.9969,44.5631,369.1,1.15618542765947,1.95215156064486
"868",-95.5464,46.4314,298.7,1.18382527825901,2.01363217985055
"869",-95.0161,47.8769,371.9,1.42652813410141,1.93432604561097
"870",-92.5283,44.5711,209.7,1.46697499617509,1.95918176823557
"871",-92.61,44.6103,206.3,1.28504553958501,1.96230658929356
"872",-94.6122,43.9903,335.3,1.27676719830411,2.02434645715265
"873",-95.33,48.8947,327.1,1.20755008344655,1.97482953271608
"874",-91.6364,44.0422,198.7,1.49726170854029,2.02170678791443
"875",-88.5636,33.2597,89,2.09607970085905,1.9340995132591
"876",-89.3158,33.8586,77.7,2.08789183753706,1.98726205329808
"877",-90.2908,34.2044,47.2,2.07036042421136,1.94854477560227
"878",-90.3817,32.9028,32.6,2.14124670780185,1.96339603385918
"879",-91.5158,40.1433,149.4,1.56679102720466,2.03187944300771
"880",-93.8019,37.7947,252.1,1.60291493800066,1.98899616084328
"881",-89.7,36.1261,80.8,1.95580457555996,1.98554856626129
"882",-93.0167,38.75,222.5,1.52630373691735,2.10642304355456
"883",-95.0722,40.2017,176.8,1.33468618029877,2.15061077294326
"884",-92.6208,38.2044,180.4,1.69732969240116,1.96128910300664
"885",-95.1464,39.9808,318.5,0.938375884397525,2.05338940466304
"886",-89.92,37.7342,153,1.75199474274065,1.91987268914813
"887",-91.8872,39.9714,210.3,1.54490822904591,2.0176757999881
"888",-93.3989,38.2581,192.6,1.6420370675674,2.00095855354683
"889",-112.3964,47.4931,1240.5,1.04269907590208,1.45616191045764
"890",-111.155,45.675,1455.4,1.17833305977485,1.528489215881
"891",-106.2314,45.8161,844.3,1.14347585563977,1.52073900378478
"892",-111.71,47.2194,1024.1,1.1569343171015,1.5218160256779
"893",-109.2256,48.5883,737.6,1.11385667632431,1.59510999700942
"894",-112.1919,47.8206,1172,0.812269879851935,1.4257359490657
"895",-108.2625,48.3992,699.2,1.09471442945105,1.44998802072044
"896",-109.5072,45.4533,1371.6,1.15018576994424,1.58496614242551
"897",-107.4536,48.7778,792.2,0.646601756635976,1.60015033740555
"898",-110.6608,47.8306,807.4,1.09430934452286,1.49049046179757
"899",-108.8031,47.0258,1063.8,1.19745058350829,1.65835376401278
"900",-109.8311,46.4328,1273.5,0.944489857716991,1.62604295072533
"901",-110.455,48.7261,899.2,0.862704318870359,1.42528151878649
"902",-107.2278,46.2942,810.8,1.06107027940609,1.51744654073936
"903",-110.7669,48.5617,1012.9,0.861761401031689,1.47405764666305
"904",-114.2636,48.3042,901.3,1.54478220489895,1.54915001227589
"905",-104.7353,46.1422,856.5,1.0840150375198,1.61109650175899
"906",-107.7286,48.3939,680,1.00521237086235,1.52414551935802
"907",-104.9428,48.8197,641.9,0.909518545031317,1.72047874435347
"908",-104.4478,45.5022,1010.7,0.97001407764389,1.61800267369663
"909",-106.2453,46.8203,921.7,0.733780363324274,1.59416012981788
"910",-108.7,47.6167,705,1.03393116507723,1.60495341998268
"911",-104.3378,47.4536,602,0.986051902213893,1.72586573464428
"912",-104.1467,47.7283,588.6,1.05252065043605,1.78732207088532
"913",-114.0911,46.5136,1028.7,1.36381611232603,1.32321030605278
"914",-105.3022,46.7939,685.2,0.896936388329692,1.61560611737373
"915",-111.0878,48.31,868.7,0.933827081804703,1.38028307888386
"916",-111.5378,46.3308,1170.4,0.85515032479983,1.52320587286323
"917",-112.3261,45.5472,1409.7,0.809558890825768,1.47791569548657
"918",-114.0836,46.3286,1096.4,1.27924787146635,1.33051107903608
"919",-114.3594,48.4081,944.9,1.66165395315481,1.61795277745178
"920",-107.625,48.7597,711.1,1.08101836031805,1.51274787916731
"921",-105.6483,48.1,637,0.991679510299469,1.61639675956327
"922",-107.4061,45.1217,1136.9,1.12188676750551,1.53252068141065
"923",-96.3775,41.0408,326.1,1.29103568425401,1.95086410084471
"924",-101.5386,40.0525,922,1.14309799918298,1.86611083305303
"925",-101.9408,40.0136,998.2,1.00207178506338,1.8529089859
"926",-98.4583,42.8294,423.7,1.09430535603324,1.83407400245177
"927",-99.3886,40.9283,704.1,0.957754755889753,1.79058566837833
"928",-103.7008,41.9481,1243.6,0.605073403697687,1.6558290096395
"929",-99.1386,40.0783,573.9,1.0630787128276,1.91209813956598
"930",-98.9269,41.6028,624.8,1.12850502834248,1.81806937500469
"931",-102.3464,41.4014,1033.3,0.790426707439426,1.85053428910652
"932",-95.8828,41.0267,306.3,1.28184827124012,1.97001610144443
"933",-95.4642,40.0536,283.5,1.33748695497999,2.03927353555394
"934",-98.6558,42.8103,466.3,0.916695658821019,1.81286914315981
"935",-99.7467,42.8222,760.8,0.844279040103832,1.8607861329887
"936",-115.5444,38.5208,1425.9,1.2846773399886,1.11729373334103
"937",-118.7811,39.4572,1208.5,1.14118400653855,0.528518466141448
"938",-118.6294,38.5167,1312.2,0.92391067612145,0.969177465791661
"939",-115.1164,36.2347,578.5,1.10212718979602,0.980591229825813
"940",-117.6375,37.7508,1305.5,0.950029403065661,1.03521804298647
"941",-119.7475,40.6044,1173.5,1.5027416738322,0.666172566887062
"942",-116.1758,38.2033,1615.4,1.09913803273652,1.09832184159742
"943",-71.6486,42.8394,97.5,1.91585808146442,1.99178205679681
"944",-71.9156,43.9522,189,1.82170104146113,2.04897493359527
"945",-74.2453,39.5656,1.5,1.90393284304391,1.98442550098982
"946",-74.9697,39.9511,13.7,1.96190288395448,2.08334117575557
"947",-74.6828,39.9708,18.3,1.934302719509,2.06417531288743
"948",-107.9603,36.6669,1769.7,1.19202467734855,1.33125234802165
"949",-106.8908,33.8044,1375.3,0.962960029103838,1.54877526697695
"950",-104.3828,32.5158,979.3,0.99019388794342,1.69460768487862
"951",-104.2225,32.3478,951,1.06799009152657,1.64994223177297
"952",-104.1906,35.4072,1293.6,1.02949782105955,1.80148449146214
"953",-106.595,35.2489,1531.9,1.02875191898189,1.50641267624497
"954",-106.0589,35.9989,1713,1.03734952646621,1.62263156312251
"955",-108.3247,31.9175,1374.6,1.19322594659066,1.89370346923062
"956",-106.8831,34.0828,1397.5,1.0596066563569,1.58588247609353
"957",-104.6128,34.4031,1478.3,1.11831415957267,1.55239535663265
"958",-77.7175,42.5656,201.2,1.54338627947748,1.97969774267809
"959",-76.8358,42.0997,288.6,1.67271413138406,1.95531835252796
"960",-73.8,42.25,18.3,1.81859449925952,1.98013114355676
"961",-75.6453,43.2097,121.9,1.81585995193529,1.96427683037471
"962",-73.57,44.5658,155.4,1.56683397580146,1.94482361764829
"963",-73.4667,44.65,50.3,1.66117911214688,1.91762061347726
"964",-74.05,41.85,12.2,1.94385219152716,2.02261871154551
"965",-74.2,41.95,155.4,1.93632894087221,2.09291632443878
"966",-79.1431,42.5578,177.4,1.84809440124672,1.93839616347833
"967",-73.6833,42.4333,91.4,1.69662612910471,1.9764969350455
"968",-78.8333,43.25,106.7,1.5030007472419,1.87418312763116
"969",-78.05,42.5167,350.8,1.61430567247174,2.01171870856825
"970",-76.7764,35.3872,6.1,1.99753824964951,2.13172108456303
"971",-81.1494,36.1631,341.4,2.00425586935145,2.07133613303442
"972",-75.9872,35.1075,1.2,2.01557967728205,2.10869997795091
"973",-77.8183,35.9519,39.6,1.95241428378975,2.05914253721342
"974",-77.6805,35.8936,33.5,1.94818403617463,2.0976545278931
"975",-80.8142,35.9067,251.5,1.96790018946666,2.03581039889314
"976",-81.2275,36.1308,326.1,2.00666278667769,2.03901760616667
"977",-103.4878,48.9975,617.8,0.86412051599355,1.78671813730184
"978",-99.1294,47.4494,483.4,1.23532187541925,1.91910000018941
"979",-99.1211,47.5089,475.5,1.12151527068461,1.91561311846305
"980",-97.7014,48.8628,271.3,0.957699835562308,1.89788495718111
"981",-102.8333,48.9167,594.4,1.14785812794878,1.8403708059123
"982",-98.5839,47.2408,461.8,1.03046129430822,1.90344162487567
"983",-98.7661,46.3694,474.9,1.13986077870642,1.79504743407249
"984",-100.6667,46.05,510.5,0.734402792566038,1.76073239441173
"985",-97.0981,47.9217,253,1.24245773153118,1.87442638327231
"986",-102.0975,48.6692,551.7,1.40795440574234,1.87447828171929
"987",-97.1461,46.0725,342.9,1.22421471181118,1.93246618765101
"988",-101.8561,46.1758,755.9,0.889550452487613,1.71300645831799
"989",-101.6278,48.9992,502,0.785334520575027,1.80660718316906
"990",-100.875,48.0797,467.9,1.18055377987408,1.88526844131138
"991",-97.9181,48.9133,286.5,1.24088915092031,1.87433581308482
"992",-84.0542,41.0325,222.5,1.73137239384858,1.96321781571835
"993",-82.8,41.65,176.8,1.65545919919596,1.93030818555249
"994",-83.8167,39.9667,283.5,1.75619469835856,2.05430104007881
"995",-83.4153,39.5467,301.8,1.79359999371797,1.96751179031351
"996",-95.8833,35.9833,184.4,1.58101524354234,1.85562996954661
"997",-98.9958,35.3008,476.7,1.44131072566329,1.70720942975781
"998",-96.3686,34,182.9,1.72636511393232,1.83359894934402
"999",-99.1128,36.7647,461.8,1.23767021927396,1.79506633757579
"1000",-101.6181,36.5914,999.1,0.871124850094396,1.77378841157443
"1001",-95.6933,35.8258,181.4,1.69519985363129,1.7780556757439
"1002",-97.9294,35.8583,320,1.44966779517083,1.81186297191505
"1003",-98.315,36.1217,370.3,1.37999711232507,1.81200282813068
"1004",-96.0028,36.365,196.6,1.59565446360451,1.90925015444392
"1005",-119.9933,42.9694,1320.4,1.08776645324042,0.972836338612359
"1006",-120.2064,45.7211,84.4,1.55400493534476,0.600922133058388
"1007",-119.6933,45.8472,85.3,1.49004163115472,0.717303797382191
"1008",-123.1028,45.5247,54.9,2.25902054769552,1.05858606116379
"1009",-121.5175,45.6847,152.4,2.1315285025341,0.877551795028886
"1010",-117.255,44.3564,643.1,1.63697389008278,1.06224236531385
"1011",-123.4689,43.1922,225.6,2.17556674326852,0.912386768119672
"1012",-122.76,43.9144,217,2.18446785885219,1.25840696366405
"1013",-118.4089,45.9428,295.7,1.62906981214539,1.01270997813793
"1014",-120.1833,44.5833,806.2,1.30187039404105,1.09134526090325
"1015",-116.9903,43.8764,662.9,1.48674044215564,0.834895402649523
"1016",-117.2467,43.65,731.5,1.36353478405817,1.0024423838605
"1017",-123.6197,43.1311,271.3,2.27135364223379,0.761447520780992
"1018",-117.6569,42.8592,1037.8,1.27006430425969,0.892431880694578
"1019",-123.0472,42.2231,472.4,1.94540421365997,1.0682011075469
"1020",-121.062,43.1244,1335.6,1.36043285254614,1.09874607633064
"1021",-123.88,45.4583,3,2.54096797959368,1.54880596741467
"1022",-117.2439,43.9814,682.8,1.39816329867823,0.964617617623827
"1023",-117.7183,43.9903,926.6,1.45713233241382,1.05773631188016
"1024",-79.3333,40.3,323.1,1.96019671159322,2.10519144225991
"1025",-76.8786,40.9475,152.4,1.82312832825812,2.02536438578473
"1026",-77.9333,40.4,176.8,1.83623588397862,1.82531447952202
"1027",-78.6372,40.0328,388.6,1.83945009218299,1.85843282956065
"1028",-79.0833,39.9964,640.1,1.93540275947094,1.90168864727401
"1029",-77.1419,41.8975,374.9,1.67543952799391,1.95767270972091
"1030",-76.4431,41.7511,231.6,1.72577806776251,1.94357291645094
"1031",-78.5278,40.0417,361.2,1.81358647655401,1.95111172862145
"1032",-71.35,41.5,4.6,1.97933866356143,1.90818189626111
"1033",-79.0975,33.5214,6.1,2.00477581100235,2.16939349538233
"1034",-80.2947,32.505,1.5,1.95358138324601,2.0543800412368
"1035",-79.74,34.2933,36.6,2.0031559129431,2.11231339979867
"1036",-81.3181,34.2931,78.6,2.01087218319248,2.0235750923162
"1037",-79.8489,32.76,1.5,2.01020324596745,2.09159502438573
"1038",-80.5206,33.9,76.2,1.99827350006233,2.07985858708069
"1039",-103.8511,44.6714,920.5,0.99479749571811,1.68207358771251
"1040",-99.312,43.735,506,1.11938790264349,1.79376804924715
"1041",-101.9414,43.7483,743.7,1.04361641306805,1.75787084507797
"1042",-99.4603,44.0644,445,1.05330767692636,1.81576431955902
"1043",-101.6192,44.5208,681.8,1.00558945375869,1.86771600261169
"1044",-98.9814,44.5178,484.6,0.92153332361951,1.82172270588901
"1045",-98.5325,43.0689,454.2,1.08449022371441,1.78254443205285
"1046",-102.3894,43.395,859.5,1.00695956440542,1.74113131409506
"1047",-103.2828,44.115,1051.6,0.754029901800531,1.80932672813004
"1048",-103.2108,44.0728,1029.9,0.914827262857675,1.79823695261953
"1049",-102.4478,44.0694,714.5,0.82333244234877,1.65416000256994
"1050",-98.6819,44.4256,435.9,1.05312479758171,1.81348638402756
"1051",-96.86,45.4081,353.6,1.26519431424273,1.92592322921854
"1052",-84.5833,35.4322,286.5,2.12597443512829,2.09666647454668
"1053",-85.945,36.2456,157,2.03256521273576,2.09399205409094
"1054",-87.4261,35.7553,201.2,1.984139364993,2.0575281719492
"1055",-87.2217,36.3208,119.5,1.93402073501192,2.00516623536924
"1056",-84.9947,35.4717,263.7,2.09928331215624,2.08012337213975
"1057",-86.3728,35.9203,163.1,2.03370394559184,2.08918737013012
"1058",-84.0603,36.2131,338.3,2.08591033342167,2.10059154869122
"1059",-83.5983,35.9297,274,2.00522026855886,2.02930122883966
"1060",-103.7403,30.9844,981.5,1.1230580843052,1.61328285592375
"1061",-103.9583,29.4372,1261.9,1.03944594812522,1.78977107807589
"1062",-102.9622,29.1853,566.3,0.994073465365806,1.51145978742538
"1063",-101.4542,35.6364,934.8,1.20748939236575,1.8193310148022
"1064",-102.2564,35.5303,972.6,1.07235114419485,1.80087395229745
"1065",-104.6822,30.1383,876.9,1.07663286167219,1.7769716837404
"1066",-103.515,29.1344,661.1,0.96033115364256,1.64785107068593
"1067",-95.6878,29.7067,26.5,1.96206062541594,1.98497200468717
"1068",-95.9283,33.1997,167.6,1.73483349047423,1.8169432996575
"1069",-105.2372,31.8769,1149.1,1.00053056704788,1.54735733176533
"1070",-100.9336,34.2675,719.3,1.21121143002028,1.70407936920774
"1071",-98.3814,32.5408,311.2,1.55973567759515,1.7861837043463
"1072",-100.3369,33.6267,536.4,1.39398194152193,1.71149426909778
"1073",-95.7275,29.8142,38.7,1.9181920201834,1.97296078160976
"1074",-102.7,31.2667,731.5,1.21920045757848,1.51492443462272
"1075",-95.9167,32.8167,137.2,1.8658625741402,1.71690817299667
"1076",-94.1781,32.6664,77.7,1.98138203891378,1.80413871156028
"1077",-98.3992,26.2422,54.9,1.52567959706741,1.78223695685309
"1078",-103.7575,29.2694,732.4,0.94472033619398,1.78662383566918
"1079",-95.8864,32.8522,136.6,1.87142583790107,1.90963950597984
"1080",-99.1442,33.7542,355.7,1.41110055873541,1.6071046285989
"1081",-101.5603,29.8097,393.2,1.15526615795796,1.52928259322389
"1082",-100.3833,33.8833,594.4,1.23312453839772,1.4319898141069
"1083",-98.4028,32.3,460.2,1.4082147195441,1.808941938285
"1084",-99.0656,28.4478,87.8,1.36304805326925,1.80516559173713
"1085",-103.2717,30.1925,1215.8,0.947168360054017,1.80754158535654
"1086",-99.2306,30.7478,472.4,1.45984508295302,1.78476914103925
"1087",-98.2511,26.1917,30.5,1.32343448172317,1.55955202911979
"1088",-102.0258,32.0186,846.1,1.23506859794912,1.52438171599996
"1089",-95.715,31.0706,71.6,1.86395575409062,1.76922471987502
"1090",-98.4,26.2167,40.5,1.52610068063134,1.69446156465143
"1091",-95.8442,31.5914,86.6,1.88804132640047,1.78060051287571
"1092",-99.9264,31.5206,496.8,1.4062991450859,1.6732935955535
"1093",-102.5897,31.7356,894,1.11858544190261,1.43530642778028
"1094",-93.9708,29.9044,1.5,2.1057780426428,2.12256999110452
"1095",-97.4264,26.5578,2.7,1.51927004657203,1.71488266783862
"1096",-96.4278,28.4342,1.5,1.89270576930052,2.00852477624783
"1097",-104.3714,29.5711,795.5,1.02655455020353,1.6213096200479
"1098",-98.4942,31.9633,372.2,1.57122783021856,1.6274091640413
"1099",-95.8458,30.5381,96,1.92471948521892,1.68103101259775
"1100",-98.9486,31.27,420.6,1.46168363351087,1.63860782731454
"1101",-96.4494,32.4611,110.9,1.85102576571579,1.63058346186884
"1102",-105.0806,31.7456,1134.5,0.95225670790204,1.44830779642444
"1103",-97.9494,29.8833,202.7,1.70785720667516,1.7788947689781
"1104",-101.5492,35.7047,894.9,1.11454975567173,1.83148190413707
"1105",-101.8272,30.6886,662.9,1.22529516777028,1.4757248301821
"1106",-99.8036,32.9403,499.9,1.44372089648663,1.63000188349638
"1107",-102.0753,36.3372,1125.6,1.08612205382668,1.73735976339575
"1108",-103.4061,29.4744,1122.3,0.994527200119659,1.86443098234922
"1109",-95.6314,29.4822,21.3,1.98419396672228,1.99614123582586
"1110",-98.5817,28.3125,67.1,1.49729732387344,1.72821587074785
"1111",-98.5294,28.4114,105.2,1.42704809668343,1.63707525252995
"1112",-106.0581,31.4028,1074.4,1.03175019205361,1.56941636257441
"1113",-102.1044,34.9578,1141.8,1.11518643520143,1.79736392162554
"1114",-99.3256,34.1517,368.8,1.44727109591688,1.68883097082408
"1115",-96.1594,30.3236,65.5,1.94101531136849,1.77559564990859
"1116",-99.2536,26.8706,97.5,1.32659255897684,1.81425389680446
"1117",-112.2667,41.3,1283.2,1.47025813935282,1.12815566710188
"1118",-110.7203,37.53,1164.9,1.16659728426602,1.02848948293954
"1119",-113.7128,39.8997,1323.4,1.08964491211454,1.06773323410036
"1120",-109.8611,40.2842,1539.8,0.910335109843794,0.94901913132045
"1121",-110.3878,37.875,1219.2,1.17855580281968,1.20758677939838
"1122",-109.6422,40.1342,1421.6,0.951230271586104,1.19027849860254
"1123",-111.6508,40.2458,1392.9,1.67421773309679,1.25718490292255
"1124",-109.9586,40.2878,1528.3,1.10449356466673,1.13224997124524
"1125",-113.5611,37.1069,844.3,1.5137492748334,1.05730262204065
"1126",-111.9128,41.9153,1357.9,1.50504589608665,1.20597600564321
"1127",-113.4264,38.4831,1487.4,0.944421221344034,1.13865866295905
"1128",-78.2886,37.7092,68.6,1.88530198068398,2.01368165759481
"1129",-77.8769,37.6664,106.7,1.91234988186868,1.96745780171232
"1130",-77.2775,37.2992,12.2,1.94764622666506,2.04624080482027
"1131",-76.2689,37.4031,1.5,1.94414532385424,2.06235515183813
"1132",-80.0272,36.7764,342.3,1.90502389218022,2.06255900582098
"1133",-77.8858,37.5144,121.9,1.93167371162646,2.00625781439598
"1134",-79.0844,38.1692,51.5,1.81250868001884,1.98000839530658
"1135",-77.7678,38.6811,152.4,1.88653741220686,2.01654215891953
"1136",-81.0942,36.9317,746.8,1.86347843927364,1.96750786211073
"1137",-117.2472,46.2039,1037.2,1.3239376634969,1.45966864773141
"1138",-122.0036,47.1694,208.8,2.18458612317584,1.51060805439174
"1139",-123.16,47.3706,6.4,2.56756282325009,1.43167685903338
"1140",-123.2106,46.6297,79.2,2.29768884155592,1.2588631562846
"1141",-123.4008,47.0092,21.3,2.4245763001982,1.39398660045995
"1142",-118.8786,46.2447,112.2,1.52714875770237,0.860525366594352
"1143",-122.9164,46.1506,3.7,2.22750624580756,1.33759845822662
"1144",-120.0078,48.1075,345.9,1.58953374049374,1.10292298946836
"1145",-122.3867,48.4403,4.3,2.01339287571325,1.47265986501097
"1146",-123.2333,46.8333,24.4,2.2865169538397,1.27332344469945
"1147",-122.7586,48.1161,30.5,1.7620814554237,1.29129026167126
"1148",-118.7314,48.6469,798.6,1.56072624639884,1.48935446466284
"1149",-119.2633,46.3119,113.7,1.41358207218858,0.841362516363814
"1150",-120.4994,46.6722,341.4,1.36017458914569,0.838899722010678
"1151",-123.0639,48.085,15.2,1.70215938585921,1.17729235031179
"1152",-120.0103,46.3236,227.7,1.40358212054683,0.641527736447577
"1153",-120.4203,46.4353,256.3,1.41726237306535,0.851553926953015
"1154",-120.1886,48.4742,533.1,1.69141109582641,1.25158391880458
"1155",-80.6203,38.845,239.3,1.92788911650173,2.12036642008485
"1156",-81.3706,38.1947,189,1.88369267439284,2.09922201832796
"1157",-78.9664,39.0461,271.3,1.65178090004985,1.98337204822991
"1158",-80.7014,40.1478,195.1,1.84633298371423,1.97423070478103
"1159",-80.5336,37.5436,643.1,1.78844201925223,1.96211133758721
"1160",-91.3411,44.0758,233.2,1.38962607788818,2.04344888405643
"1161",-87.505,44.4628,177.1,1.54077018524193,1.94216804393527
"1162",-89.8772,46.1222,491.3,1.43843357607529,1.97285655850904
"1163",-87.7167,43.75,197.5,1.63909211942933,1.87922834369608
"1164",-92.0167,46.7,192,1.30867399919808,1.97285000092917
"1165",-87.5678,44.1431,179.5,1.59289007463509,1.87203560163362
"1166",-87.9567,45.3803,227.1,1.45591192347887,1.92456514501472
"1167",-108.5086,41.5894,2048.3,0.84300176328878,1.13427702417128
"1168",-109.1375,44.9367,1246.6,0.8460179438374,1.32241398000524
"1169",-108.5931,44.8919,1251.2,0.491068721634011,1.17944888471639
"1170",-108.9489,43.2281,1699.3,0.664657447816718,1.33718238948584
"1171",-104.9614,43.4117,1345.7,0.778295954947849,1.57686872493768
"1172",-106.4136,41.6878,2214.4,1.13181682815638,1.2953345467403
"1173",-105.7878,42.8267,1508.2,0.772613220458247,1.33983213176795
"1174",-106.6375,43.7144,1420.4,0.961636294353314,1.54392053512753
"1175",-104.1669,41.6378,1399,1.00298683087363,1.68236052593721
"1176",-107.9381,44.1786,1225.3,0.756283327630824,1.2622519410756
"1177",-108.1436,43.7536,1304.8,1.00372038186747,1.32471552757413
"1178",-104.9492,42.1106,1413.7,0.733951820197529,1.65625822932732
"1179",-101.395,35.695,930.9,1.20338596469958,1.71128261356649
"1180",-102.2842,39.2447,1277.7,0.512809478606252,1.79425847285533
"1181",-116.1594,33.6267,-36,1.17640183236249,0.52515581855934
"1182",-111.4478,36.9261,1313.7,1.10375634663365,0.99000621972519
"1183",-118.3342,33.9228,19.2,1.81243571557892,0.0775310020260977
"1184",-117.4386,33.9519,245.4,1.58964065245857,0.124032056615209
"1185",-81.9633,33.3644,40.2,2.0014109095469,2.03144909945576
"1186",-81.21,32.13,14,1.95927704360811,2.14613659721246
"1187",-98.4172,34.5583,325.8,1.21844851231592,1.55780004536504
"1188",-97.2211,37.7461,433.1,1.17034145610042,1.92874253056573
"1189",-111.0306,41.2731,2183.3,1.0282505618572,1.47324224048214
"1190",-119.2611,45.8258,195.4,1.46247604156468,0.670706897066399
"1191",-114.215,44.5228,1534.1,1.01466495860486,1.08991722107988
"1192",-68.3133,47.2856,301.1,1.47313384010408,2.06445325339439
"1193",-87.9047,42.1208,193.9,1.396913684712,1.79752488350579
"1194",-88.4864,43.77,246.6,1.28585407168689,1.93388791528051
"1195",-84.0794,41.8678,242.6,1.53052330510918,1.91585666050318
"1196",-84.4289,41.3375,215.8,1.59563067957717,1.85923397032619
"1197",-81.6836,41.5175,178,1.61336377415538,2.05418392981646
"1198",-84.7014,45.0133,406.9,1.4693722491104,1.85740608702544
"1199",-80.6958,41.7781,281.6,1.66152889921898,2.00865587208526
"1200",-81.8097,28.8208,23.5,1.81331701704027,2.14565787503294
"1201",-85.0333,29.7333,5.8,2.03273182944752,2.23183040509519
"1202",-80.2428,27.6531,8.5,1.79127075178256,2.13227401462033
"1203",-81.2436,28.7797,16.8,1.71401912223576,2.24321842749906
"1204",-89.4075,29.3331,0.9,2.13421221123463,2.19750736810591
"1205",-80.3767,27.4981,7.3,1.66013993673669,2.1988046312643
"1206",-97.4186,25.9156,7,1.50192342608816,1.69058864448113
"1207",-98.2539,26.1839,30.5,1.38660650134476,1.67479701467752
"1208",-98.0281,29.7036,192.9,1.64351757454586,1.7665450132837
"1209",-77.9647,35.3444,33.2,1.96838781115476,2.13415227977903
"1210",-74.4242,39.3792,3,1.89375674305505,1.90674973005435
"1211",-77.9844,39.4019,162.8,1.7939765024706,1.94415091245833
"1212",-79.9319,32.78,3,1.86880449923072,2.12022241058983
"1213",-82.5067,31.5358,58.8,2.02683693750987,2.11913111557101
"1214",-82.5567,35.5953,682.1,1.85786092868838,1.92203162610183
"1215",-82.4044,36.4731,457.2,1.93387893259978,2.0627673668917
"1216",-81.1186,33.9486,70.4,1.95756302272111,2.12270785638027
"1217",-86.4075,32.2997,61.6,2.07548325038996,2.11611798549203
"1218",-97.68,30.1831,146.3,1.74477098840765,1.77402791191795
"1219",-92.2956,31.3928,34.1,2.11873609031064,1.91137259668846
"1220",-97.2283,31.6189,152.4,1.72856247580414,1.63742922890247
"1221",-94.3625,35.3331,136.9,1.81748442627874,1.86507319701598
"1222",-97.6006,35.3889,391.7,1.5157097189358,1.83020210800523
"1223",-95.4025,32.3542,165.8,1.82666085284629,1.4859777644152
"1224",-98.0283,37.155,408.4,1.3659131949873,1.91069941617038
"1225",-67.7928,46.1236,145.1,1.83315349618814,1.96215210230067
"1226",-71.0106,42.3606,3.7,1.92699863371689,1.91390371636293
"1227",-72.6825,41.9381,57.9,1.90740431826218,2.00170980364867
"1228",-75.1097,44.5772,136.6,1.71374403974317,1.95060416638376
"1229",-70.0608,41.2531,13.7,1.88842195978133,1.79029760242357
"1230",-71.4325,41.7219,18.3,1.98926509062601,1.88698809482674
"1231",-76.9217,41.2433,158.5,1.82406850636469,2.02313437391136
"1232",-82.8183,42.6083,176.8,1.6664156380293,1.86218817085166
"1233",-83.7494,42.9667,234.7,1.59739135581012,1.91028414509805
"1234",-84.4908,43.9758,236.2,1.65663999299902,1.87033218276475
"1235",-84.4667,42.2667,304.2,1.55711601201965,1.93760851877369
"1236",-87.3794,46.5458,202.7,1.66511207841737,1.83770718811467
"1237",-83.5333,42.2333,236.8,1.51335709932034,1.8999651875184
"1238",-88.4889,47.1686,333.8,1.76817216491126,1.79447527142062
"1239",-81.4333,40.9167,368.2,1.80011654422101,1.98740621416338
"1240",-88.1111,44.4983,207.9,1.45970536217475,1.91622897521234
"1241",-93.3981,48.5614,360.6,1.21651345900155,1.96042597094378
"1242",-98.6692,46.9258,455.4,1.05101842781315,1.89515265528833
"1243",-91.2528,43.8789,198.7,1.47072129249208,2.01592778335182
"1244",-97.2417,48.9711,240.8,1.08704232803312,1.87877040781875
"1245",-91.5431,41.6328,198.1,1.24002765112029,2.06421142850021
"1246",-97.1494,44.9047,532.8,1.13486647987951,1.87828775950616
"1247",-91.7167,41.8833,264.6,1.3866791322521,2.02653532245615
"1248",-95.0803,44.5483,311.2,1.19272165778857,1.93365926450271
"1249",-100.9269,29.3783,304.5,1.20467264280813,1.64894353835041
"1250",-100.4922,31.3711,576.1,1.38467281652731,1.50397207030988
"1251",-101.8136,33.6542,993.3,1.18453646743086,1.67837574815646
"1252",-107.6389,31.8297,1239,1.08975955495981,1.71488979508763
"1253",-100.7247,37.9272,878.4,0.9635572368991,1.92263018352639
"1254",-107.7206,32.2622,1310.9,1.16981254285564,1.73256019283386
"1255",-102.9167,30.9119,917.4,1.13248623464183,1.64535936963072
"1256",-119.95,36.3333,70.7,1.61247826431042,0.067408508242574
"1257",-114.8467,39.2953,1908.7,1.24275149186667,1.21519432146716
"1258",-115.1633,36.0719,649.5,1.10201447123258,0.970387958106594
"1259",-110.7153,38.3706,1313.1,1.07829737721525,1.0489851206371
"1260",-118.3889,33.9381,29.6,1.82179133799117,0.201910314685561
"1261",-113.0167,38.4167,1536.2,1.26817455064845,1.28869183174956
"1262",-114.6189,34.7675,271.3,1.21852201815657,0.646511905791477
"1263",-118.7242,34.7436,1374.6,1.70109534657476,0.274750482814996
"1264",-110.7208,35.0281,1489.3,1.11253451029327,1.36985600072833
"1265",-122.2208,37.7214,1.8,1.92872166812465,0.151859830141448
"1266",-120.9506,37.6242,22.3,1.81117826102884,0.143388329373328
"1267",-120.4486,34.8994,73.8,1.82831871225208,0.20894782290478
"1268",-101.2733,48.2553,507.5,1.10508228155584,1.78628465158879
"1269",-108.7261,42.8153,1704.4,1.0430025062644,1.28284415148219
"1270",-105.6747,41.3119,2214.7,0.872147794162304,1.54172438540349
"1271",-101.6011,44.0511,672.4,0.969340019027398,1.68816284930029
"1272",-106.9689,44.7694,1202.4,1.19504892736828,1.43472362793644
"1273",-102.9847,41.1014,1313.4,0.827224560259606,1.85720542327429
"1274",-109.4578,47.0492,1263.4,1.2133139932799,1.6757170000991
"1275",-105.8825,46.4267,799.8,0.936974059929809,1.5738282004879
"1276",-108.0822,44.5169,1198.8,0.698652779365774,0.970603594291828
"1277",-108.4767,43.0661,1697.1,0.808954561296183,1.17657800852085
"1278",-103.0536,44.0433,963.2,0.922908076178293,1.66340655386867
"1279",-116.8917,40.6117,1373.1,1.35073640096998,0.790208485749176
"1280",-117.8086,44.8428,1024.4,1.32110354549299,1.217232969635
"1281",-113.7661,42.5417,1262.5,1.36683771720549,0.895654875206788
"1282",-112.3753,48.6033,1169.8,0.779726384291765,1.46267145993428
"1283",-112.5545,45.2575,1585,0.878580137305562,1.47972164016917
"1284",-111.9636,46.6056,1166.8,1.01601352253701,1.45815363803086
"1285",-110.4408,45.6983,1415.2,1.10730683476625,1.54118229362578
"1286",-114.8903,47.1928,826,1.46482819414892,1.3854176405009
"1287",-118.2869,46.0947,355.4,1.76058441818195,1.11721168788994
"1288",-117.0128,44.0206,667.5,1.48107406234519,0.887843310121065
"1289",-119.1167,46.2667,124.1,1.40757955169567,0.732405965240275
"1290",-110.1075,42.5844,2124.5,0.919832234183719,1.25773881171675
"1291",-118.5692,40.0681,1189.3,1.16496096026647,0.434153888588417
"1292",-114.0358,40.7206,1291.4,0.915684261594393,0.823979372242613
"1293",-124.1603,40.8097,6.1,2.21100937496263,0.700759033181181
"1294",-122.6003,45.5908,5.8,2.08900110789559,1.22249075627291
"1295",-123.3642,42.6003,1168,2.10290966314067,0.890876965100978
"1296",-122.2986,40.5175,151.5,2.1263873906302,0.462690005008585
"1297",-88.2803,39.4781,219.8,1.59747534440232,1.99489515996506
"1298",-87.0442,31.4156,78.6,2.11563393726888,2.14047610767346
"1299",-86.2958,39.825,250.9,1.67969866276565,2.06808616688564
"1300",-80.6206,35.0169,207,1.90622124138486,1.91684438642479
"1301",-90.4281,38.9286,132.9,1.72112131960442,1.91815162110057
"1302",-93.745,32.5428,54.6,1.99595657697403,2.00497127229024
"1303",-92.4703,36.3689,282.9,1.78788573991733,1.78136603335063
"1304",-80.1336,25.8064,0.3,1.68232154373481,2.01910277678979
"1305",-107.7597,37.1431,2030,1.45104055834635,1.56595669615506
"1306",-109.6061,31.4583,1251.2,1.24211661902208,1.86201654681153
"1307",-109.3792,34.5183,1747.4,0.929692527781591,1.50626382390595
"1308",-104.2581,32.3336,985.1,1.00258554210742,1.61608884148892
"1309",-102.55,36.0167,1216.2,1.0596274210654,1.82422052053672
"1310",-108.8389,35.0706,1923.6,1.35441946932714,1.63902260574399
"1311",-107.8992,35.1664,1987.3,1.17423039353313,1.60341481577331
"1312",-104.8489,39.5703,1793.1,1.10265459458777,1.6957249288828
"1313",-108.6275,37.3031,1802.6,1.42282519162286,1.397037219434
"1314",-106.8683,39.2231,2353.1,1.41808388849526,1.63615487324084
"1315",-109.7542,38.755,1390.2,1.08208289852379,1.16402535199522
"1316",-109.6353,32.8547,968,1.15338203713138,1.52549789699848
"1317",-118.7167,39.4167,1199.1,1.10390809655256,0.44296072418878
"1318",-113.0944,37.7086,1702.6,1.33636626731047,1.33384474532804
"1319",-116.5053,33.8281,128.3,1.38790458110855,0.840117932835263
"1320",-112.0825,33.4489,334.7,1.37107011414108,1.36925042616353
"1321",-113.9331,35.2578,1042.4,1.30306170049289,1.10568863364644
"1322",-119.7194,36.78,101.5,1.73241689952804,0.116954307817501
"1323",-120.6283,35.6697,246.9,1.82937004655704,0.0580577604098707
"1324",-121.5897,38.6956,7,1.96625587553263,0.193932627078348
"1325",-78.453,38.1386,195.4,1.83914751914681,1.95051828440911
"1326",-76.8742,39.9181,148.1,1.8655164914685,1.95106703765894
"1327",-79.3661,34.7917,67.1,1.8675420111915,2.07727566968489
"1328",-85.1611,34.3478,194.8,2.02919891241569,1.96286009103986
"1329",-87.6161,33.2119,45.7,2.10118727312305,2.04192330900545
"1330",-80.2222,36.1336,295.7,1.95906738724647,2.05143837628079
"1331",-86.4239,36.9647,160.9,1.95044227724079,2.01950247901189
"1332",-84.4189,39.1033,149.4,1.83657424273856,1.98127298089502
"1333",-85.7392,38.1811,148.7,1.89581638104636,2.02610207318184
"1334",-89.6839,39.8447,181.1,1.64672794759295,1.99155682205158
"1335",-81.8922,39.9444,268.2,1.80599481202101,1.97238843618291
"1336",-89.9161,37.0956,109.7,1.87970768043375,1.97927796811151
"1337",-81.6667,30.2333,6.1,1.90313595219015,2.21866404452727
"1338",-84.9422,32.5161,119.5,2.00649877699582,2.07563694531553
"1339",-82.7097,34.4978,231.6,1.99536055111503,1.95310507612089
"1340",-88.7714,34.2622,110,2.04388755327515,1.98488299718872
"1341",-94.8897,38.8317,331.3,1.41007452519666,2.0696365618564
"1342",-90.4708,31.1828,125.9,2.18379817228743,2.13201614423078
"1343",-95.7831,34.8822,234.7,1.73060763709556,1.80246840093852
"1344",-98.0603,32.7817,283.5,1.59185923843244,1.67930614607416
"1345",-99.0525,34.9894,474.3,1.28658767111928,1.78561448873551
"1346",-94.7544,31.2361,87.8,2.01259395346061,1.86565489492651
"1347",-91.9347,34.175,63.1,1.91854673525357,2.00033482390863
"1348",-91.1919,39.9369,234.4,1.56766227497535,1.97952364109787
"1349",-99.8297,39.3756,666.9,0.968431625538321,1.92908084282232
"1350",-92.8142,33.2208,76.8,2.01302029686777,1.93408877774572
"1351",-94.1694,36.0097,381.3,1.81344665092891,1.90826237208491
"1352",-98.8092,38.8761,568.1,1.10245943198526,1.97541651047332
"1353",-109.7633,48.5428,787.9,0.974236400501751,1.59313292276775
"1354",-103.6367,48.1739,579.7,1.18154636920292,1.78389362379151
"1355",-105.5744,48.0944,605.3,0.777379527294071,1.65967209732595
"1356",-109.5144,40.4422,1603.2,1.11182465660675,1.19153389521315
"1357",-102.6547,46.0139,824.5,0.805462474010042,1.73668493448778
"1358",-101.4394,47.6458,582.2,1.05610488272314,1.86036968615349
"1359",-107.8853,40.0489,1947.7,1.42010592361644,1.44467508592131
"1360",-100.4078,45.5464,522.7,0.761871543805436,1.74351910937892
"1361",-104.1528,42.0647,1281.7,0.601587991863173,1.7757164829785
"1362",-106.7211,44.3814,1513.9,0.804416004815715,1.61704198588105
"1363",-105.3856,42.7972,1502.4,0.924926340014488,1.51471594755429
"1364",-117.3214,47.6831,595.3,1.6597707973044,1.29846922699841
"1365",-114.4869,42.4819,1265.2,1.29647955382847,1.01563008458272
"1366",-118.9564,43.595,1261.9,1.46242210197342,1.01276378093935
"1367",-111.8045,43.8339,1480.7,1.3313129740458,1.20139891260465
"1368",-121.7242,42.1469,1244.8,1.60244537749174,0.697153843308335
"1369",-120.2014,47.3978,374.6,1.41068048682901,0.85438609328457
"1370",-123.1339,45.1947,48.5,2.14634126257777,1.00402335451364
"1371",-122.6572,45.6208,9.1,2.14851029992088,1.24142903142019
"1372",-120.5644,41.4914,1333.5,1.49211243465995,0.621243576972355
"1373",-71.1786,44.5761,353,1.59617564942932,1.99297834274615
"1374",-73.1289,41.1583,1.5,1.89784435279023,1.91838450930146
"1375",-72.5794,44.2033,343.2,1.75328460935591,1.99380175423859
"1376",-70.615,41.3931,20.7,1.84023540454547,1.84761600279747
"1377",-71.8731,42.2706,304.8,1.9491183700275,2.00365426826083
"1378",-72.3047,43.6264,182.3,1.84020135848251,1.98554687450876
"1379",-76.0217,43.9922,96.9,1.80227615068946,1.81100378519082
"1380",-75.3839,43.145,216.7,1.87418380637145,1.99302715721958
"1381",-84.6739,44.3592,350.8,1.57549600216699,1.82039330579108
"1382",-89.0931,42.1928,222.5,1.54072303608961,1.97363489195733
"1383",-80.2144,40.4847,366.7,1.82431466922541,1.97907929916585
"1384",-83.8014,41.5886,203.9,1.69697886239905,1.8904362465489
"1385",-88.5569,43.9844,238.4,1.27626024552552,1.95922484456308
"1386",-85.5447,42.8939,237.1,1.71113819281044,1.95441661757006
"1387",-88.2778,40.0397,229.8,1.58138330352256,1.98748067513654
"1388",-88.2464,41.9144,229.8,1.4282573772708,1.96496462507328
"1389",-88.1144,45.8183,350.2,1.21533212111838,1.89332306089112
"1390",-85.3936,40.2342,285.6,1.69060493583659,2.01233248582227
"1391",-97.3633,42.8783,359.7,1.11699901202706,1.86283593646322
"1392",-90.9189,46.5486,251.8,1.14563225703081,1.93204893072291
"1393",-94.1308,46.4047,372.2,0.753989016969544,1.97240038813142
"1394",-99.3183,43.7667,519.1,1.0060831311945,1.68936390782306
"1395",-99.6333,41.4333,771.1,1.01489107175962,1.99500728493249
"1396",-98.4272,40.6044,591.3,0.92118101355106,1.95912466025022
"1397",-94.6,48.7167,329.8,1.02850326983648,2.0073508309133
"1398",-95.0678,46.9006,437.1,1.10666801321621,1.9907747212517
"1399",-94.7461,43.4075,401.4,1.23903054400648,2.04547401949375
"1400",-91.4442,46.0261,367,1.15458053015382,2.03158783755417
"1401",-96.1778,41.7636,313.3,0.95211214287778,1.89944504350274
"1402",-90.1875,44.6381,382.5,1.07809939108133,1.90102693201611
"1403",-93.6217,41.9922,283.5,1.13566004337615,2.07689125846032
"1404",-93.9019,40.6331,344.7,1.28442264500028,2.03460189459019
"1405",-90.6775,43.1561,204.8,1.34820459890545,1.96437269896874
